date;region;systemName;description;statusChange
2026-02-18;Bosnia and Herzegovina;bihsf;Bosnia and Herzegovina Select Named Freeways;active
2026-02-18;Belarus;blrsf;Belarus Select Named Freeways;active
2026-02-18;Europe;eursf;Europe Select Named Freeways;deleted
2026-02-18;Europe;eurtr;Europe Select Tourist and Scenic Routes;deleted
2026-02-18;Finland;fintr;Finland Select Tourist and Scenic Routes;preview
2026-02-18;United Kingdom;gbrsf;United Kingdom Select Named Freeways;active
2026-02-18;United Kingdom;gbrtr;United Kingdom Select Tourist and Scenic Routes;preview
2026-02-18;Ireland;irltr;Ireland Select Tourist and Scenic Routes;preview
2026-02-18;Russia;russf;Russia Select Named Freeways;active
2026-02-14;(France) Grand-Est;fragesd08;Ardennes Routes Départementales;active
2026-02-14;(France) Grand-Est;fragesd52;Haute-Marne Routes Départementales;active
2026-02-04;Cameroon;cmra;Cameroon Autoroutes;active
2026-01-30;(France) Grand-Est;fragesd88;Vosges Routes Départementales;active
2026-01-29;(Denmark) Faroe Islands;frosl;Faroe Islands Sóljuleiðir;preview
2026-01-29;(France) Brittany;frabred22;Côtes-d’Armor Routes Départementales;active
2026-01-29;(France) Brittany;frabred56;Morbihan Routes Départementales;active
2026-01-27;(France) Normandy;franord50;Manche Routes Départementales;active
2026-01-24;(Australia) New South Wales;ausnswb;New South Wales B Roads;active
2026-01-21;(France) Normandy;franord14;Calvados Routes Départementales;active
2026-01-18;(France) Normandy;franord61;Orne Routes Départementales;active
2026-01-17;(Australia) Northern Territory;;Northern Territory Territorial Highways;deleted
2026-01-14;(France) Normandy;franord27;Eure Routes Départementales;active
2026-01-10;(France) Centre-Val de Loire;fracvld28;Eure-et-Loir Routes Départementales;active
2026-01-04;(France) Centre-Val de Loire;fracvld41;Loir-et-Cher Routes Départementales;active
2026-01-03;(France) Centre-Val de Loire;fracvld18;Cher Routes Départementales;active
2026-01-02;(France) Centre-Val de Loire;fracvld36;Indre Routes Départementales;active
2025-12-30;(France) Nouvelle-Aquitaine;franaqd23;Creuse Routes Départementales;active
2025-12-29;(France) Nouvelle-Aquitaine;franaqd19;Corrèze Routes Départementales;active
2025-12-29;(France) Nouvelle-Aquitaine;franaqd87;Haute-Vienne Routes Départementales;active
2025-12-28;(France) Nouvelle-Aquitaine;franaqd79;Deux-Sèvres Routes Départementales;active
2025-12-28;(France) Nouvelle-Aquitaine;franaqd86;Vienne Routes Départementales;active
2025-12-24;(France) Nouvelle-Aquitaine;franaqd24;Dordogne Routes Départementales;active
2025-12-23;(France) Nouvelle-Aquitaine;franaqd16;Charente Routes Départementales;active
2025-12-22;(France) Nouvelle-Aquitaine;franaqd17;Charente-Maritime Routes Départementales;active
2025-12-21;(France) Nouvelle-Aquitaine;franaqd33;Gironde Routes Départementales;active
2025-12-20;(France) Nouvelle-Aquitaine;franaqd40;Landes Routes Départementales;active
2025-12-20;(France) Nouvelle-Aquitaine;franaqd47;Lot-et-Garonne Routes Départementales;active
2025-12-16;(France) Nouvelle-Aquitaine;franaqd64;Pyrénées-Atlantiques Routes Départementales;active
2025-12-14;(France) Centre-Val de Loire;fracvld37;Indre-et-Loire Routes Départementales;active
2025-12-14;(France) Centre-Val de Loire;fracvlm37;Tours Métropole Val de Loire Routes Métropolitaines;active
2025-12-14;(France) Occitanie;fraoccd31;Haute-Garonne Routes Départementales;active
2025-12-10;(France) Occitanie;fraoccd34;Hérault Routes Départementales;active
2025-12-10;(France) Occitanie;fraoccm34;Montpellier Méditerranée Routes Métropolitaines;active
2025-12-07;(France) Occitanie;fraoccd12;Aveyron Routes Départementales;active
2025-12-07;(France) Occitanie;fraoccd32;Gers Routes Départementales;active
2025-12-02;(France) Occitanie;fraoccd30;Gard Routes Départementales;active
2025-12-02;(France) Occitanie;fraoccd46;Lot Routes Départementales;active
2025-11-30;(France) Occitanie;fraoccd48;Lozère Routes Départementales;active
2025-11-30;(France) Occitanie;fraoccd65;Hautes-Pyrénées Routes Départementales;active
2025-11-29;(France) Occitanie;fraoccd82;Tarn-et-Garonne Routes Départementales;active
2025-11-27;(France) Occitanie;fraoccd81;Tarn Routes Départementales;active
2025-11-22;Kazakhstan;kazkaz;Kazakhstan Main Highways;active
2025-11-22;Kazakhstan;kazkz;Kazakhstan Branches and connecting roads;active
2025-11-12;(France) Occitanie;fraoccd66;Pyrénées-Orientales Routes Départementales;active
2025-11-11;(France) Occitanie;fraoccd11;Aude Routes Départementales;active
2025-11-09;(France) Occitanie;fraoccd09;Ariège Routes Départementales;active
2025-11-06;(France) Pays-de-la-Loire;frapdld85;Vendée Routes Départementales;active
2025-11-02;(France) Pays-de-la-Loire;frapdld53;Mayenne Routes Départementales;active
2025-10-29;(France) Centre-Val de Loire;fracvlm37;Tours Métropole Val de Loire Routes Métropolitaines;preview
2025-10-28;(France) Pays-de-la-Loire;frapdld49;Maine-et-Loire Routes Départementales;active
2025-09-17;(France) Pays-de-la-Loire;frapdld44;Loire-Atlantique Routes Départementales;active
2025-09-14;(France) Grand Est;fragesm57;Metz Métropole Routes Métropolitaines;preview
2025-07-25;(France) Pays-de-la-Loire;frapdld72;Sarthe Routes Départementales;active
2025-07-10;(France) Hauts-de-France;frahdfd02;Aisne Routes Départementales;active
2025-06-26;United Kingdom;gbnmkgr;Milton Keynes Grid Roads;active
2025-06-26;Jersey;jeyc;Jersey C Roads;active
2025-06-26;USA;usanht;United States National Historic Trails;preview
2025-06-26;USA;usatr;United States Select Tourist Routes;preview
2025-05-23;(China) Ningxia;chnnxs;Ningxia Provincial Expressways;preview
2025-05-17;(China) Tibet;chnxzs;Tibet Provincial Expressways;preview
2025-05-17;(China) Shanghai;chnshs;Shanghai Provincial Expressways;active
2025-05-16;(China) Hainan;chnhis;Hainan Provincial Expressways;preview
2025-05-13;China;chnsf;China Select Freeways;preview
2025-05-10;(China) Tianjin;chntjs;Tianjin Provincial Expressways;preview
2025-05-10;(China) Beijing;chnbjs;Beijing Provincial Expressways;preview
2025-05-10;(China) Beijing, Tianjin, Hebei;chnjjjs;Beijing-Tianjin-Hebei Inter-provincial Expressways;preview
2025-05-01;(China) Shanghai;chnshs;Shanghai Provincial Expressways;preview
2025-04-20;Albania;albsf;Albania Select Named Freeways;active
2025-04-20;Greece;grcsf;Greece Select Named Freeways;active
2025-04-19;Kenya;kensf;Kenya Select Freeways;preview
2025-04-19;Nigeria;ngae;Nigeria Expressways;preview
2025-04-16;Italy;itasf;Italy Select Named Freeways;active
2025-04-16;Spain;espsf;Spain Select Named Freeways;active
2025-04-16;Spain;espcg;Galicia Vías de Altas Prestaciones;active
2025-04-16;Spain;espvg;Galicia Vías de Alta Capacidad;active
2025-04-11;Philippines;phlp;Philippines National Primary Roads;preview
2025-04-07;Philippines;phlah;Philippines UNESCAP Asian Highways;preview
2025-03-24;Philippines;phlsky;Metro Manila Skyway;preview
2025-02-27;Cameroon;cmra;Cameroon Autoroutes;preview
2025-02-17;Switzerland;chesf;Switzerland Select Named Freeways;active
2025-02-17;Czechia;czesf;Czechia Select Named Freeways;active
2025-02-17;Germany;deusf;Germany Select Named Freeways;active
2025-02-17;France;frasf;France Select Named Freeways;active
2025-02-17;Netherlands;nldsf;Netherlands Select Named Freeways;active
2025-02-17;Portugal;prtvr;Madeira Via Rápida;active
2025-02-17;Sweden;swesf;Sweden Select Named Freeways;active
2025-02-13;(France) Auvergne-Rhone-Alpes;fraarad69m;Lyon Routes Métropolitaines;preview
2025-02-12;Indonesia;idnn;Indonesia National Routes (incomplete);preview
2025-01-28;Thailand;tharr;Thailand Rural Roads;preview
2025-01-26;Serbia;srbrb;Serbia Državni Putevi IIB;active
2025-01-19;Austria;autl3;Lower Austria Landesstraßen L;active
2025-01-14;North Macedonia;mkdr;North Macedonia Regional Roads;active
2025-01-12;Austria;autl4;Upper Austria Landesstraßen L 2. Ordnung;active
2025-01-12;Austria;autl6;Styria Landesstraßen L;active
2025-01-12;Croatia;hrvz;Croatia Županijske Ceste;active
2025-01-04;Finland;fink;Finland Kehä / Ring Roads;active
2025-01-02;Serbia;srbr;Serbia Državni Putevi IIA;active
2025-01-02;Finland;fink;Finland Kehä / Ring Roads;preview
2024-12-05;(USA) Alabama;usaal;Alabama State Highways;active
2024-11-22;Cambodia;khme;Cambodia Expressways;preview
2024-11-22;Myanmar;mmre;Myanmar Expressways;preview
2024-11-19;Turkey;tursf;Turkey Select Freeways;active
2024-11-18;Thailand;thatp;Thailand Thangluang Phaendin;preview
2024-11-13;Austria;autl3;Lower Austria Landesstraßen L 3000s;preview
2024-11-11;Austria;autl3;Lower Austria Landesstraßen L 4000s;preview
2024-11-02;Austria;autl3;Lower Austria Landesstraßen L 5000s;preview
2024-10-21;Austria;autl3;Lower Austria Landesstraßen L 6000s;preview
2024-10-18;(Canada) Ontario;canons;Ontario Secondary Highways;preview
2024-10-12;(France) Pays-de-la-Loire;frapdlm44;Nantes Métropole Routes Métropolitaines;active
2024-10-12;(France) Hauts-de-France;frahdfd60;Oise Routes Départementales;active
2024-10-12;Norway;norr;Norway Ringveiene i Oslo;active
2024-08-29;(USA) New York;usanyp;New York Parkways;active
2024-08-28;(Australia) Tasmania;austasc;Tasmania C Roads;active
2024-08-25;Thailand;tharr;Thailand Rural Roads (incomplete);preview
2024-08-04;Austria;autl3;Lower Austria Landesstraßen L 8000s;preview
2024-07-24;Thailand;thasf;Thailand Select Freeways;preview
2024-07-21;China;chngds;Guangdong Provincal Expressways;preview
2024-07-16;Austria;autl3;Lower Austria Landesstraßen L 7000s;preview
2024-07-15;Thailand;tham;Thailand Motorways;preview
2024-07-15;Thailand;thaexat;Expressway Authority of Thailand;preview
2024-07-15;Thailand;thatp;Thailand Thangluang Phaendin (incomplete);preview
2024-07-14;Malaysia;myssf;Malaysia Select Freeways;preview
2024-07-09;Serbia;srbm;Serbia Motoputevi;active
2024-06-30;Malaysia;mysjp;Malaysia Jalan Persekutuan;preview
2024-06-23;Norway;norr;Norway Ringveiene i Oslo;preview
2024-06-12;Nicaragua;nicnic;Nicaragua Red Vial Nacional;preview
2024-06-10;South Africa;zafr;South Africa Main Provincial Roads;active
2024-06-10;South Africa;zaff;South Africa Select Freeways;preview
2024-06-03;Honduras;hndrns;Honduras Rutas Nacionales Secundarias;preview
2024-06-01;Honduras;hndrnp;Honduras Rutas Nacionales Principales;preview
2024-05-31;Honduras;naca;Rutas Centroamericanas (Honduras);preview
2024-05-28;El Salvador;naca;Rutas Centroamericanas (El Salvador);preview
2024-05-28;El Salvador;slvrn;El Salvador Rutas Nacionales;preview
2024-05-28;El Salvador;slvsf;El Salvador Select Freeways;preview
2024-05-21;Guatemala;naca;Rutas Centroamericanas (Guatemala);preview
2024-05-21;Guatemala;gtmrn;Guatemala Rutas Nacionales;preview
2024-05-21;Guatemala;gtmsf;Guatemala Select Freeways;preview
2024-05-20;Serbia;srbr;Serbia Državni Putevi IIA;preview
2024-05-20;Serbia;srbrb;Serbia Državni Putevi IIB;preview
2024-05-19;Austria;autl3;Lower Austria Landesstraßen L 2000s;preview
2024-05-16;Serbia;srbm;Serbia Motoputevi;preview
2024-05-12;Austria;autl3;Lower Austria Landesstraßen L 1000s;preview
2024-05-08;Panamá;pancn;Panamá Carreteras Nacionales;preview
2024-05-08;Panamá;pansf;Panamá Select Freeways;preview
2024-05-05;Austria;autl3;Lower Austria Landesstraßen L 2-178;preview
2024-03-27;(Brasil) Distrito Federal;bradf;Sistema Rodoviário do Distrito Federal;preview
2024-03-25;(Brasil) Bahia;brabac;Bahia Rodovias Estaduais Coincidentes;preview
2024-03-25;(Brasil) Espírito Santo;braesc;Espírito Santo Rodovias Estaduais Coincidentes;preview
2024-03-12;(Brasil) Santa Catarina;brascc;Santa Catarina Rodovias Estaduais Coincidentes;preview
2024-03-10;(Brasil) Paraná;brarsc;Paraná Rodovias Estaduais Coincidentes;preview
2024-03-06;(Brasil) Rio Grande do Sul;brarsc;Rio Grande do Sul Rodovias Estaduais Coincidentes;preview
2024-03-01;(Brasil) Minas Gerais;bramgc;Minas Gerais Rodovias Estaduais Coincidentes;preview
2024-02-18;Austria;autl4;Upper Austria Landesstraßen L 2. Ordnung;preview
2024-02-07;Venezuela;vena;Venezuela Autopistas;preview
2024-02-07;Venezuela;vent;Venezuela Vías Troncales;preview
2024-01-31;Paraguay;prypy;Red Vial Paraguaya;preview
2024-01-26;Bolivia;bolf;Bolivia Red Vial Fundamental;preview
2024-01-05;Colombia;colsf;Colombia Select Freeways;preview
2024-01-04;Colombia;colrn;Colombia Red Vial Nacional;preview
2024-01-01;Austria;autl5;Salzburg Landesstraßen L;active
2023-12-05;Ecuador;ecusf;Ecuador Select Freeways;preview
2023-12-05;Ecuador;ecue;Ecuador Red Vial Estatal;preview
2023-11-25;Peru;persf;Peru Select Freeways;preview
2023-11-24;Peru;perpe;Peru Red Vial Nacional;preview
2023-11-23;Argentina;argsf;Argentina Select Freeways;preview
2023-11-19;North Macedonia;mkdr;North Macedonia Regional Roads;preview
2023-11-13;Austria;autl6;Styria Landesstraßen L;preview
2023-10-22;Turkey;tursf;Turkey Select Freeways;preview
2023-10-17;Argentina;argrn;Argentina Rutas Nacionales;preview
2023-09-21;Brasil;brasf;Brasil Select Freeways;preview
2023-09-20;Brasil;brabr;Brasil Sistema Rodoviário Federal;preview
2023-09-07;(Brasil) São Paulo;brasp;São Paulo Sistema Rodoviário Estadual;preview
2023-09-07;(Brasil) São Paulo;braspa;São Paulo Sistema Rodoviário Estadual (Acessos);preview
2023-09-07;(Brasil) São Paulo;braspi;São Paulo Sistema Rodoviário Estadual (Interligações);preview
2023-08-15;(Mexico) Monterrey;mexnlm;Monterrey Rutas;preview
2023-08-11;Mexico;mexsf;Mexico Select Freeways;preview
2023-07-27;Costa Rica;crirs;Costa Rica Rutas Nacionales Secundarias;preview
2023-07-07;(France) Hauts-de-France;frahdfd80;Somme Routes Départementales;active
2023-07-02;Costa Rica;crirp;Costa Rica Rutas Nacionales Primarias;preview
2023-04-23;Austria;autl5;Salzburg Landesstraßen L;preview
2023-04-17;(Australia) South Australia;aussatd;South Australia Tourist Drives;preview
2023-03-25;Asia;asiahp;UNESCAP Asian Highways (for preview);split
2023-03-25;Bangladesh;bgdah;Bangladesh UNESCAP Asian Highways;preview
2023-03-25;Bhtan;btnah;Bhutan UNESCAP Asian Highways;preview
2023-03-25;China;chnah;China UNESCAP Asian Highways;preview
2023-03-25;Indonesia;idnah;Indonesia UNESCAP Asian Highways;preview
2023-03-25;India;indaho;India UNESCAP Asian Highways (old draft);preview
2023-03-25;Cambodia;khmah;Cambodia UNESCAP Asian Highways;preview
2023-03-25;Laos;laoah;Laos UNESCAP Asian Highways;preview
2023-03-25;Myanmar;mmrah;Myanmar UNESCAP Asian Highways;preview
2023-03-25;Nepal;nplah;Nepal UNESCAP Asian Highways;preview
2023-03-25;Korea (North);prkah;Korea (North) UNESCAP Asian Highways;preview
2023-03-25;Thailand;thaah;Thailand UNESCAP Asian Highways;preview
2023-03-25;Vietnam;vnmah;Vietnam UNESCAP Asian Highways;preview
2023-02-23;Croatia;hrvz;Croatia Županijske Ceste;preview
2023-02-17;(France) Grand Est;fragesd6ae;Collectivité européenne d'Alsace Routes Départementales;active
2023-02-17;(France) Provence-Alpes-Cote-d’Azur;frapacd06;Alpes-Maritimes Routes Départementales;active
2023-02-17;(France) Provence-Alpes-Cote-d’Azur;frapacm06;Métropole Nice Côte d'Azur Routes Métropolitaines;active
2023-02-11;(USA) Mississippi;usams;Mississippi State Highways;preview
2023-02-08;Canada;cansf;Canada Select Named Freeways;active
2023-02-05;(France) Nouvelle-Aquitaine;franaqd23;Creuse Routes Départementales;preview
2023-02-01;(France) Auvergne-Rhone-Alpes;fraaram42;Saint-Étienne Métropole Routes Métropolitaines;preview
2023-01-27;(France) Nouvelle-Aquitaine;franaqd87;Haute-Vienne Routes Départementales;preview
2023-01-22;(France) Grand Est;fragesm54;Métropole du Grand Nancy Routes Métropolitaines;preview
2023-01-21;(France) Auvergne-Rhone-Alpes;fraaram63;Clermont Auvergne Métropole Routes Métropolitaines;preview
2023-01-21;(France) Nouvelle-Aquitaine;franaqd19;Corrèze Routes Départementales;preview
2023-01-09;(France) Nouvelle-Aquitaine;franaqd16;Charente Routes Départementales;preview
2023-01-02;(France) Nouvelle-Aquitaine;franaqd86;Vienne Routes Départementales;preview
2022-12-30;(France) Nouvelle-Aquitaine;franaqd79;Deux-Sèvres Routes Départementales;preview
2022-12-26;(France) Pays-de-la-Loire;frapdld85;Vendée Routes Départementales;preview
2022-12-20;(France) Pays-de-la-Loire;frapdlm44;Nantes Métropole Routes Métropolitaines;preview
2022-12-19;(France) Pays-de-la-Loire;frapdld44;Loire-Atlantique Routes Départementales;preview
2022-12-16;(France) Hauts-de-France;frahdfd59;Nord Routes Départementales;active
2022-12-15;(France) Nouvelle-Aquitaine;franaqd24;Dordogne Routes Départementales;preview
2022-12-02;(France) Nouvelle-Aquitaine;franaqd47;Lot-et-Garonne Routes Départementales;preview
2022-11-25;(France) Nouvelle-Aquitaine;franaqd17;Charente-Maritime Routes Départementales;preview
2022-11-05;(France) Nouvelle-Aquitaine;franaqd33;Gironde Routes Départementales;preview
2022-11-02;(Australia) Tasmania;austasb;Tasmania B Roads;active
2022-10-30;(France) Nouvelle-Aquitaine;franaqd40;Landes Routes Départementales;preview
2022-10-25;(France) Bourgogne-Franche-Comte;frabfcd90;Territoire de Belfort Routes Départementales;active
2022-10-25;(France) Grand Est;fragesm6ae;Eurométropole de Strasbourg Routes Métropolitaines;active
2022-10-25;(France) Occitanie;fraoccm31;Toulouse Métropole Routes Métropolitaines;active
2022-10-21;Austria;autl4;Upper Austria Landesstraßen L 1. Ordnung;active
2022-10-21;Austria;autl7;Tyrol Landesstraßen L;active
2022-09-21;(USA) California;usaca;California State Highways;active
2022-09-20;Gabon;gabn;Gabon Routes Nationales;active
2022-09-20;Guinea-Bissau;gnbn;Guinea-Bissau Estradas Nacionais;active
2022-09-20;Israel and Palestine;isrr;Israel and Palestine Regional Roads;active
2022-09-20;Lesotho;lsoa;Lesotho Main Roads;active
2022-09-05;Ireland;irlorb;Ireland Orbital Routes;active
2022-09-05;(France) Martinique;mtqd;Martinique Routes Départementales;active
2022-09-03;Austria;autl4;Upper Austria Landesstraßen L 1. Ordnung;preview
2022-08-22;Austria;autl7;Tyrol Landesstraßen L;preview
2022-08-11;Uganda;ugam;Uganda Motorways;active
2022-08-11;Botswana;bwaa;Botswana A Roads;active
2022-08-11;Comoros;comrn;Comoros Routes Nationales;active
2022-08-11;Rwanda;rwanr;Rwanda National Roads;active
2022-08-11;Sao Tome and Principe;stpen;Sao Tome and Principe Estrada Nacional;active
2022-08-11;New Zealand;nzlrr;New Zealand Regional Roads;preview
2022-08-11;United Kingdom;gbnmkgr;Milton Keynes Grid Roads;preview
2022-07-15;Montenegro;mnea;Montenegro Autoput;active
2022-07-05;Belize;blzar;Belize National Routes;active
2022-07-05;Belize;blzd;Belize District Routes;active
2022-07-01;(Australia) Queensland;ausqld;Queensland State Highways;active
2022-07-01;(France) Guadaloupe;glpd;Guadaloupe Routes Départementales;active
2022-07-01;(France) Mayotte;mytd;Mayotte Routes Départementales;active
2022-07-01;(France) Reunion;reud;Reunion Routes Départementales;active
2022-07-01;(UK) Northern Ireland;nirtr;Northern Ireland Tourist Routes;active
2022-07-01;Mauritius;musm;Mauritius Motorways;active
2022-07-01;Mauritius;musa;Mauritius Primary Main Roads;active
2022-07-01;Mauritius;musb;Mauritius Secondary Main Roads;active
2022-07-01;United Kingdom;gbrrr;United Kingdom Ring Roads;preview
2022-07-01;Ireland;irlorb;Ireland Orbital Routes;preview
2022-06-05;Japan;jpnh;Japan Ippan Kokudō;extended
2022-06-05;Japan;jpnhhk;Japan Ippan Kokudō - Hokkaidō;merged
2022-06-05;Japan;jpnhks;Japan Ippan Kokudō - Kansai;merged
2022-06-05;Japan;jpnhkt;Japan Ippan Kokudō - Kanstō;merged
2022-06-05;Japan;jpnhky;Japan Ippan Kokudō - Kyūshū;merged
2022-06-05;Japan;jpnhsh;Japan Ippan Kokudō - Shikoku;merged
2022-06-05;(France) Pays-de-la-Loire;frapdld49;Maine-et-Loire Routes Départementales;preview
2022-06-03;Namibia;namb;Namibia Major Routes;active
2022-06-03;Zimbabwe;zwer;Zimbabwe Regional Roads;active
2022-06-03;Zimbabwe;zwep;Zimbabwe Primary Roads;active
2022-06-03;Guinea-Bissau;gnbn;Guinea-Bissau Estradas Nacionais;preview
2022-06-03;Kuwait;kwtr;Kuwait Routes;preview
2022-06-03;Mauritius;musb;Mauritius Secondary Main Roads;preview
2022-06-02;Japan;jpnhks;Japan Ippan Kokudō - Kansai;preview
2022-05-18;(France) Corsica;fracord;Corsica Routes Départementales;active
2022-05-18;Norway;norfv;Norway Primære Fylkesveier;active
2022-05-16;(France) Nouvelle-Aquitaine;franaqd64;Pyrénées-Atlantiques Routes Départementales;preview
2022-04-29;Japan;jpnhkt;Japan Ippan Kokudō - Kantō;preview
2022-04-24;(France) Pays-de-la-Loire;frapdld53;Mayenne Routes Départementales;preview
2022-04-22;Romania;roudex;Romania Drumuri Expres;active
2022-04-18;(France) Pays-de-la-Loire;frapdld72;Sarthe Routes Départementales;preview
2022-03-26;(France) Centre-Val de Loire;fracvld37;Indre-et-Loire Routes Départementales;preview
2022-03-13;(France) Centre-Val de Loire;fracvld41;Loir-et-Cher Routes Départementales;preview
2022-03-08;(France) Centre-Val de Loire;fracvld45;Loiret Routes Départementales;preview
2022-02-26;(France) Centre-Val de Loire;fracvld28;Eure-et-Loir Routes Départementales;preview
2022-02-20;(USA) Puerto Rico;usapr;Puerto Rico Territorial Highways;active
2022-01-31;United Kingdom;gbrtrl;United Kingdom Trails;preview
2022-01-31;(UK) Northern Ireland;nirtr;Northern Ireland Tourist Routes;preview
2022-01-31;Japan;jpnh;Japan Ippan Kokudō - Tōhoku;preview
2022-01-23;(France) Centre-Val de Loire;fracvld18;Cher Routes Départementales;preview
2022-01-17;(France) Centre-Val de Loire;fracvld36;Indre Routes Départementales;preview
2022-01-10;Japan;jpnhhk;Japan Ippan Kokudō - Hokkaidō;preview
2022-01-09;(France) Brittany;frabred35;Ille-et-Vilaine Routes Départementales;preview
2022-01-07;Japan;jpnhsh;Japan Ippan Kokudō - Shikoku;preview
2022-01-06;Japan;jpnhky;Japan Ippan Kokudō - Kyūshū;preview
2022-01-05;(France) Brittany;frabred56;Morbihan Routes Départementales;preview
2022-01-01;(France) Brittany;frabred29;Finistère Routes Départementales;preview
2021-12-29;(France) Brittany;frabred22;Côtes-d’Armor Routes Départementales;preview
2021-12-22;(France) Occitanie;fraoccm31;Toulouse Métropole Routes Métropolitaines;preview
2021-12-21;(France) Occitanie;fraoccd31;Haute-Garonne Routes Départementales;preview
2021-12-06;(France) Occitanie;fraoccd34;Hérault Routes Départementales;preview
2021-12-06;(France) Occitanie;fraoccm34;Montpellier Méditerranée Routes Métropolitaines;preview
2021-11-21;(France) Occitanie;fraoccd32;Gers Routes Départementales;preview
2021-11-08;(France) Occitanie;fraoccd65;Hautes-Pyrénées Routes Départementales;preview
2021-10-24;(France) Occitanie;fraoccd09;Ariège Routes Départementales;preview
2021-10-15;Japan;jpne;Japan Kōsoku Jidōsha Kokudō;active
2021-10-15;Japan;jpntk;Japan Toshi Kōsokudōro;active
2021-09-30;Israel;isrr;Israel Regional Roads;preview
2021-09-14;(France) Occitanie;fraoccd66;Pyrénées-Orientales Routes Départementales;preview
2021-09-08;(France) Occitanie;fraoccd11;Aude Routes Départementales;preview
2021-08-27;(France) Occitanie;fraoccd82;Tarn-et-Garonne Routes Départementales;preview
2021-08-18;(Australia) Western Australia;auswa;Western Australia State Highways;active
2021-08-17;(France) Occitanie;fraoccd81;Tarn Routes Départementales;preview
2021-08-04;(France) Occitanie;fraoccd46;Lot Routes Départementales;preview
2021-07-17;(France) Occitanie;fraoccd12;Aveyron Routes Départementales;preview
2021-07-02;Andorra;andcs;Andorra Carreteras Secundarias;active
2021-07-02;Australia;aussf;Australia Select Freeways;active
2021-06-28;(France) Occitanie;fraoccd48;Lozère Routes Départementales;preview
2021-06-25;(France) Occitanie;fraoccd30;Gard Routes Départementales;preview
2021-06-09;Andorra;andcs;Andorra Carreteras Secundarias;preview
2021-06-04;(France) Provence-Alpes-Cote-d’Azur;frapacd83;Var Routes Départementales;preview
2021-05-26;(France) Provence-Alpes-Cote-d’Azur;frapacd84;Vaucluse Routes Départementales;preview
2021-05-24;(France) Corsica;fracord;Corsica Routes Départementales;preview
2021-05-20;(France) Provence-Alpes-Cote-d’Azur;frapacd05;Hautes-Alpes Routes Départementales;preview
2021-05-15;(France) Provence-Alpes-Cote-d’Azur;frapacd04;Alpes-de-Haute-Provence Routes Départementales;preview
2021-05-10;(France) Provence-Alpes-Cote-d’Azur;frapacd06;Alpes-Maritimes Routes Départementales;preview
2021-05-08;(France) Provence-Alpes-Cote-d’Azur;frapacm06;Métropole Nice Côte d'Azur Routes Métropolitaines;preview
2021-05-06;(France) Provence-Alpes-Cote-d’Azur;frapacd13;Bouches-du-Rhône Routes Départementales;preview
2021-05-06;Jersey;jeyc;Jersey C Roads;preview
2021-04-25;(France) Auvergne-Rhone-Alpes;fraarad69;Rhône Routes Départementales;preview
2021-04-25;(Germany) Hesse;deuhel;Hesse Landesstraßen;active
2021-04-17;(France) Auvergne-Rhone-Alpes;fraarad42;Loire Routes Départementales;preview
2021-04-03;(France) Normandy;franord61;Orne Routes Départementales;preview
2021-03-23;(France) Normandy;franord14;Calvados Routes Départementales;preview
2021-03-20;Vietnam;vnmct;Vietnam Cao Toc;preview
2021-03-19;(France) Hauts-de-France;frahdfm59;Métropole européenne de Lille Routes Métropolitaines;active
2021-03-09;(France) Normandy;franord50;Manche Routes Départementales;preview
2021-02-25;(France) Hauts-de-France;frahdfd62;Pas-de-Calais Routes Départementales;active
2021-02-16;(USA) Louisiana;usala;Louisiana State Highways;active
2021-02-13;(France) Normandy;franord27;Eure Routes Départementales;preview
2021-01-30;(France) Auvergne-Rhone-Alpes;fraarad01;Ain Routes Départementales;preview
2021-01-25;(Australia) South Australia;aussab;South Australia B Roads;active
2021-01-22;(France) Grand Est;fragesd6ae;Collectivité européenne d'Alsace Routes Départementales;preview
2021-01-20;(Australia) Victoria;ausvicc;Victoria C Roads;preview
2021-01-16;(Australia) Tasmania;austasc;Tasmania C Roads;preview
2021-01-14;Ireland;irlwaw;Wild Atlantic Way;active
2021-01-14;Australia;aussf;Australia Select Freeways;preview
2021-01-13;(Australia) New South Wales;ausnswtd;New South Wales Tourist Drives;preview
2021-01-10;(Australia) Northern Territory;ausnt;Northern Territory Territorial Highways;active
2021-01-10;(Australia) Northern Territory;ausntc;Northern Territory C Roads;active
2021-01-10;(Australia) Queensland;ausqldtd;Queensland Tourist Drives;preview
2021-01-10;(Australia) Victoria;ausvictd;Victoria Tourist Drives;preview
2021-01-10;(France) Grand Est;fragesm6ae;Eurométropole de Strasbourg Routes Métropolitaines;preview
2021-01-09;(France) Bourgogne-Franche-Comte;frabfcd21;Côte-d’Or Routes Départementales;preview
2021-01-04;(France) Bourgogne-Franche-Comte;frabfcm21;Dijon Métropole Routes Métropolitaines;preview
2021-01-03;(France) Auvergne-Rhone-Alpes;fraarad15;Cantal Routes Départementales;preview
2021-01-02;Australia;ausn;Australia N Roads;active
2021-01-02;Australia;ausnb;Australia N Roads (Bannered);active
2021-01-02;(Australia) Northern Territory;ausntb;Northern Territory B Roads;active
2021-01-02;(Australia) Queensland;ausqldmr;Brisbane MetRoads;active
2021-01-02;(Australia) Western Australia;auswa;Western Australia State Highways;preview
2021-01-02;(Australia) Western Australia;auswatd;Western Australia Tourist Drives;preview
2020-12-31;(France) Auvergne-Rhone-Alpes;fraarad26;Drôme Routes Départementales;preview
2020-12-30;(Australia) Queensland;ausqld;Queensland State Highways;preview
2020-12-29;(Australia) Northern Territory;ausnt;Northern Territory Territorial Highways;preview
2020-12-29;(Australia) Northern Territory;ausntc;Northern Territory C Roads;preview
2020-12-29;(Australia) Victoria;ausvicmr;Melbourne Metropolitan Routes;preview
2020-12-28;(France) Bourgogne-Franche-Comte;frabfcd71;Saône-et-Loire Routes Départementales;preview
2020-12-27;(USA) Arkansas;usaar;Arkansas State Highways;active
2020-12-25;Australia;ausa;Australia A Roads;active
2020-12-25;Australia;ausab;Australia A Roads (Bannered);active
2020-12-25;(Australia) Queensland;ausqldmr;Brisbane MetRoads;preview
2020-12-23;(France) Bourgogne-Franche-Comte;frabfcd89;Yonne Routes Départementales;preview
2020-12-20;(France) Hauts-de-France;frahdfd60;Oise Routes Départementales;preview
2020-12-16;(France) Hauts-de-France;frahdfd62;Pas-de-Calais Routes Départementales;preview
2020-12-07;(Australia) Tasmania;austasb;Tasmania B Roads;preview
2020-12-07;(Australia) Victoria;ausvicb;Victoria B Roads;preview
2020-12-07;(France) Hauts-de-France;frahdfd59;Nord Routes Départementales;preview
2020-12-04;(Australia) New South Wales;ausnswb;New South Wales B Roads;preview
2020-12-01;(Australia) South Australia;aussab;South Australia B Roads;preview
2020-11-30;(France) Hauts-de-France;frahdfm59;Métropole européenne de Lille Routes Métropolitaines;preview
2020-11-30;(Australia) Northern Territory;ausntb;Northern Territory B Roads;preview
2020-11-25;Finland;finmt;Finland Moottoritie;active
2020-11-23;Ukraine;ukra;Ukraine Avtostrada;active
2020-11-18;(France) Auvergne-Rhone-Alpes;fraarad07;Ardèche Routes Départementales;preview
2020-11-14;(France) Bourgogne-Franche-Comte;frabfcd90;Territoire de Belfort Routes Départementales;preview
2020-11-13;(France) Bourgogne-Franche-Comte;frabfcd70;Haute-Saône Routes Départementales;preview
2020-11-11;Cyprus;cypd;Cyprus Devlet Yolları;active
2020-11-07;(France) Hauts-de-France;frahdfd02;Aisne Routes Départementales;preview
2020-11-06;Norway;norntv;Norway Nasjonale Turistveger;active
2020-10-26;Denmark;dnkmr;Denmark Margueritruten;active
2020-10-26;North Macedonia;mkdap;North Macedonia Avtopatishta;active
2020-10-25;(France) Grand-Est;fragesd51;Marne Routes Départementales;preview
2020-10-17;(France) Auvergne-Rhone-Alpes;fraarad03;Allier Routes Départementales;preview
2020-10-04;(France) Bourgogne-Franche-Comte;frabfcd58;Nièvre Routes Départementales;preview
2020-09-15;Kyrgyzstan;kgzem;Kyrgyzstan ЭМ Roads;reentered
2020-09-07;Uruguay;uryrn;Uruguay Rutas Nacionales;active
2020-09-06;(France) Bourgogne-Franche-Comte;frabfcd39;Jura Routes Départementales;preview
2020-08-23;(USA) Florida;usafl;Florida State Highways;active
2020-08-21;(France) Bourgogne-Franche-Comte;frabfcd25;Doubs Routes Départementales;preview
2020-08-09;Sweden;swemot;Sweden Motorvägar;active
2020-08-08;Denmark;dnkmot;Denmark Motorvejen;active
2020-08-08;Lithuania;ltuaut;Lithuania Automagistralės;active
2020-08-08;Norway;normot;Norway Motorveier;active
2020-08-04;(France) Auvergne-Rhone-Alpes;fraarad43;Haute-Loire Routes Départementales;preview
2020-08-03;Canada;cannf;Canada Select Named Freeways;preview
2020-07-15;(France) Auvergne-Rhone-Alpes;fraarad38;Isère Routes Départementales;preview
2020-07-07;Switzerland;chegts;Switzerland Grand Tour of Switzerland;active
2020-06-28;(France) Île-de-France;fraidfd95;Val-d'Oise Routes Départementales;active
2020-06-26;(France) Auvergne-Rhone-Alpes;fraarad63;Puy-de-Dôme Routes Départementales;preview
2020-06-25;Finland;finst;Finland Seututiet;active
2020-06-25;Indonesia;idnt;Indonesia Jalan Tol (numbered);active
2020-06-25;Indonesia;idnjt;Indonesia Jalan Tol (named);deleted
2020-06-16;Chile;chlrn;Chile Rutas Nacionales;preview
2020-06-16;Chile;chlsf;Chile Select Freeways;preview
2020-06-07;Latvia;lvap;Latvia Reģionālie Autoceļi;active
2020-06-02;(France) Île-de-France;fraidfd94;Val-de-Marne Routes Départementales;active
2020-05-30;(France) Île-de-France;fraidfd93;Seine-Saint-Denis Routes Départementales;active
2020-05-29;(Canada) Quebec;canqc;Quebec Provincial Routes;active
2020-05-25;Cyprus;cypd;Cyprus Devlet Yolları;preview
2020-05-25;(France) Auvergne-Rhone-Alpes;fraarad74;Haute-Savoie Routes Départementales;preview
2020-05-25;Japan;jpntk;Japan Toshi Kōsokudōro;preview
2020-05-21;Bosnia and Herzegovina;biha2;Bosnia and Herzegovina Autoputevi (Srpska renumbering);preview
2020-05-21;Bosnia and Herzegovina;bihm2;Bosnia and Herzegovina Magistrale (Srpska renumbering);preview
2020-05-21;Bosnia and Herzegovina;eure2;Bosnia and Herzegovina E Roads (Srpska renumbering);preview
2020-05-18;(France) Île-de-France;fraidfd92;Hauts-de-Seine Routes Départementales;active
2020-05-08;(France) Auvergne-Rhone-Alpes;fraarad73;Savoie Routes Départementales;preview
2020-05-08;(Mexico) Estado de México;mexemex;México Carreteras Estatales;preview
2020-05-03;(Mexico) Querétaro;mexqro;Querétaro Carreteras Estatales;preview
2020-05-02;(France) Île-de-France;fraidfd91;Essonne Routes Départementales;active
2020-05-02;Kosovo;rksrr;Kosovo Rrugët Regjionalë;active
2020-05-02;Ireland;irlwaw;Ireland Wild Atlantic Way;preview
2020-04-30;Moldova;mdar;Moldova Drumuri Republicane;active
2020-04-30;Montenegro;mner;Montenegro Regionalni Put;active
2020-04-30;(UK) Great Britain;gbnb;Great Britain B Roads;active
2020-04-30;(UK) Scotland;sctntr;Scotland National Tourist Routes;active
2020-04-30;(UK) Cayman Islands;;Cayman Island A Roads;deleted
2020-04-27;(France) Grand-Est;fragesd08;Ardennes Routes Départementales;preview
2020-04-26;Denmark;dnkmr;Denmark Margueritruten;preview
2020-04-26;Norway;norntv;Norway Nasjonale Turistveger;preview
2020-04-26;Switzerland;chegts;Switzerland Grand Tour of Switzerland;preview
2020-04-24;Kosovo;rksrr;Kosovo Rrugët Regjionalë;preview
2020-04-24;(UK) Scotland;sctntr;Scotland National Tourist Routes;preview
2020-04-23;(France) Île-de-France;fraidfd78;Yvelines Routes Départementales;active
2020-04-21;(France) Île-de-France;fraidfd77;Seine-et-Marne Routes Départementales;active
2020-04-20;Mexico;mexf;Mexico Carreteras Federales;preview
2020-04-11;Montenegro;mner;Montenegro Regionalni Put;preview
2020-04-11;Indonesia;idnt;Indonesia Jalan Tol (numbered);preview
2020-03-31;Belgium;beln;Belgium Gewestwegen / Route Nationale;active
2020-03-31;Latvia;lvap;Latvia Reģionālie autoceļi;preview
2020-03-29;Moldova;mdar;Moldova Drumuri Republicane;preview
2020-03-29;(USA) Georgia;usaga;Georgia State Highways;active
2020-03-28;Philippines;phle;Philippines Expressways;active
2020-03-28;Finland;finst;Finland Seututiet;preview
2020-03-28;(France) Hauts-de-France;frahdfd80;Somme Routes Départementales;preview
2020-03-20;(Australia) Queensland;ausqldtr;Queensland State Strategic Touring Routes;preview
2020-03-13;(France) Grand-Est;fragesd10;Aube Routes Départementales;preview
2020-03-04;(Canada) Manitoba;canmbw;Winnipeg City Routes;active
2020-02-29;(France) Normandy;franord76;Seine-Maritime Routes Départementales;preview
2020-02-12;Romania;roudj;Romania Drumuri Judetene;active
2020-01-28;(France) Grand-Est;fragesd52;Haute-Marne Routes Départementales;preview
2020-01-11;(France) Île-de-France;fraidfd77;Seine-et-Marne Routes Départementales;preview
2020-01-11;(France) Île-de-France;fraidfd78;Yvelines Routes Départementales;preview
2020-01-11;(France) Île-de-France;fraidfd91;Essonne Routes Départementales;preview
2020-01-11;(France) Île-de-France;fraidfd92;Hauts-de-Seine Routes Départementales;preview
2020-01-11;(France) Île-de-France;fraidfd93;Seine-Saint-Denis Routes Départementales;preview
2020-01-11;(France) Île-de-France;fraidfd94;Val-de-Marne Routes Départementales;preview
2020-01-11;(France) Île-de-France;fraidfd95;Val-d'Oise Routes Départementales;preview
2020-01-11;(France) Île-de-France;;Île-de-France Routes Départementales;split
2019-12-29;(France) Grand-Est;fragesd55;Meuse Routes Départementales;preview
2019-12-26;(USA) South Carolina;usasc;South Carolina State Highways;active
2019-12-21;(Germany) Mecklenburg-Western Pomerania;deumvl;Mecklenburg-Western Pomerania Landesstraßen;active
2019-12-19;(USA) Texas;usatxre;Texas Recreation Roads;active
2019-12-19;Turkey;turd;Turkey Devlet Yolları;active
2019-11-27;(Mexico) Mexico City;mexdfeje;Mexico City Ejes;preview
2019-11-15;(France) Grand-Est;fragesd88;Vosges Routes Départementales;preview
2019-11-12;Zimbabwe;zwea;Zimbabwe A Roads;deleted
2019-11-12;Zimbabwe;zwer;Zimbabwe Regional Roads;preview
2019-11-12;Zimbabwe;zwep;Zimbabwe Primary Roads;preview
2019-11-03;(France) Grand-Est;fragesd54;Meurthe-et-Moselle Routes Départementales;preview
2019-11-02;Australia;ausm;Australia Motorways;active
2019-11-02;Australia;ausr;Australia Ring Roads;active
2019-10-31;France;fraa;France Autoroutes;re-entered
2019-10-31;France;fran;France Routes Nationales;re-entered
2019-10-31;(France) Corsica;fracort;Corsica Routes Territoriales;re-entered
2019-10-16;(Spain) Balearic Islands;espib;Balearic Islands Red Primaria;active
2019-10-16;(Spain) Galicia;espga;Galicia Red Primaria Básica;active
2019-10-16;(Spain) Galicia;eursfg;Galicia VAC for merging into eursf;merged
2019-09-30;New Zealand;nzlsh;New Zealand State Highways;active
2019-09-30;New Zealand;nzltr;New Zealand Tourist Routes;active
2019-09-21;(Canada) Saskatchewan;cansk;Saskatchewan Provincial Highways (1-399);active
2019-09-20;(France) Grand-Est;fragesd57;Moselle Routes Départementales;preview
2019-09-17;(Spain) Canary Islands;espcn;Canary Islands Red Regional;active
2019-09-17;(Spain) Community of Madrid;espmd;Community of Madrid Red Principal;active
2019-09-10;(USA) Texas;usatxre;Texas Recreation Roads;preview
2019-09-05;(Spain) Asturias;espas;Asturias Red Regional;active
2019-09-05;(Spain) Cantabria;espcb;Cantabria Red Primaria;active
2019-09-05;(Spain) Castile and Leon;espcl;Castile and Leon Red Básica;active
2019-09-05;(Spain) Castilla-La Mancha;espcm;Castilla-La Mancha Red Básica;active
2019-09-05;(Spain) Extremadura;espex;Extremadura Red Básica;active
2019-09-05;(Spain) Region of Murcia;espmc;Region of Murcia Red de Primer Nivel;active
2019-09-02;(Spain) Aragon;espar;Aragon Red Básica;active
2019-09-02;(Spain) Navarre;espnc;Navarre Carreteras de Interés de la Comunidad Foral;active
2019-09-02;(Spain) Basque Country;esppv;Basque Country Oinarrizko Sarea;active
2019-09-02;(Spain) La Rioja;espri;La Rioja Red Regional Básica;active
2019-09-02;(Spain) Valencian Community;espvc;Valencian Community Red Básica;active
2019-09-02;(Spain) Galicia;espga;Galicia Red Primaria Básica;preview
2019-09-01;Isle of Man;imnb;Isle of Man B Roads;active
2019-09-01;Jersey;jeyb;Jersey B Roads;active
2019-09-01;(UK) Northern Ireland;nirb;Northern Ireland B Roads;active
2019-08-30;(Germany) Rhineland-Palatinate;deurpl;Rhineland-Palatinate Landesstraßen;active
2019-08-26;New Zealand;nzltr;New Zealand Tourist Routes;preview
2019-08-26;(France) Guadaloupe;glpd;Guadaloupe Routes Départementales;preview
2019-08-26;(France) French Guiana;gufd;French Guiana Routes Départementales;preview
2019-08-26;(France) Martinique;mtqd;Martinique Routes Départementales;preview
2019-08-26;(France) Mayotte;mytd;Mayotte Routes Départementales;preview
2019-08-26;(France) Reunion;reud;Reunion Routes Départementales;preview
2019-08-17;(France) Île-de-France;fraidfd;Île-de-France Routes Départementales;preview
2019-08-13;Romania;roudj;Romania Drumuri Judetene;preview
2019-06-16;(Germany) Saarland;deusll;Saarland Landesstraßen 1. Ordnung;active
2019-05-17;(Spain) Andalusia;espan;Andalusia Red Básica Estructurante;active
2019-05-12;Poland;poldw;Poland Droga Wojewódzka;active
2019-05-01;(Spain) Catalonia;espct;Catalonia Xarxa Básica;active
2019-04-15;Iceland;islf;Iceland Fjallvegir;active
2019-04-05;Morocco;marn;Morocco Routes Nationales;active
2019-03-16;Australia;ausa;Australia A Roads;preview
2019-03-16;Australia;ausab;Australia A Roads (Alt);preview
2019-03-16;Australia;ausn;Australia National Roads;preview
2019-03-16;Australia;ausnb;Australia N Roads (Alt);preview
2019-03-16;Australia;ausr;Australia Ring Roads;preview
2019-03-11;(Germany) Schleswig-Holstein;deushl;Schleswig-Holstein Landesstraßen;active
2019-03-10;Australia;ausm;Australia Motorways;preview
2019-03-10;Turkey;turd;Turkey Devlet Yolları;preview
2019-03-04;Africa;afrrtr;SADC Regional Trunk Roads;preview
2019-02-24;Uruguay;uryrn;Uruguay Rutas Nacionales;preview
2019-02-11;Jamaica;jama;Jamaica A Roads;active
2019-02-11;Trindad & Tobago;ttoh;Trinidad & Tobago Highways;preview
2019-02-11;Trindad & Tobago;ttomr;Trinidad & Tobago Main Roads;preview
2019-02-11;(UK) Cayman Islands;cyma;Cayman Island A Roads;preview
2019-02-02;South Africa;zafr;South Africa Main Provincial Roads;preview
2019-02-02;Tunisia;tunrn;Tunisia Routes Nationales;preview
2019-01-26;(Germany) Saxony-Anhalt;deustl;Saxony-Anhalt Landesstraßen;active
2019-01-23;Morocco;marn;Morocco Routes Nationales;preview
2019-01-20;Congo;cogn;Congo Routes Nationale;preview
2019-01-20;Comoros;comrn;Comoros Routes Nationale;preview
2019-01-20;Gabon;gabn;Gabon Routes Nationale;preview
2019-01-20;Mozambique;mozn;Mozambique Estrada Nacional;preview
2019-01-20;Senegal;senn;Senegal Routes Nationale;preview
2019-01-20;Sao Tome and Principe;stpen;Sao Tome and Principe Estrada Nacional;preview
2019-01-13;Greece;grceo;Greece Ethniki Odos;active
2019-01-13;Africa;afrea;EAC Road Network;preview
2019-01-13;Burundi;bdirn;Burundi Routes Nationale;preview
2019-01-13;Kenya;kena;Kenya A Roads;preview
2019-01-13;Kenya;kenb;Kenya B Roads;preview
2019-01-13;Rwanda;rwanr;Rwanda National Roads;preview
2019-01-13;Tanzania;tzat;Tanzania Trunk Roads;preview
2019-01-13;Uganda;ugam;Uganda Motorways;preview
2019-01-13;(USA) American Samoa;usaas;American Samoa Territorial Highways;preview
2019-01-07;Malawi;mwim;Malawi M Roads;preview
2019-01-06;United States;usanp;United States Select National Park Highways;active
2019-01-06;Zambia;zmbm;Zambia Main Roads;preview
2019-01-05;Botswana;bwaa;Botswana A Roads;preview
2019-01-05;Lesotho;lsoa;Lesotho A Roads;preview
2019-01-05;Eswatini;swzmr;Eswatini Main Roads;preview
2019-01-05;Zimbabwe;zwea;Zimbabwe A Roads;preview
2019-01-03;Mauritius;musm;Mauritius M Roads;preview
2019-01-03;Mauritius;musa;Mauritius A Roads;preview
2019-01-03;Namibia;namb;Namibia B Roads;preview
2019-01-03;Zambia;zmbt;Zambia Trunk Roads;preview
2018-12-31;(Germany) North Rhine-Westphalia;deunwl;North Rhine-Westphalia Landesstraßen;active
2018-12-23;(Germany) Saxony;deusns;Saxony Staatsstraßen;active
2018-12-21;(Germany) Bavaria;deubyst;Bavaria Staatsstraßen;active
2018-12-18;Czechia;czeii;Czechia Silnice II. Třídy;active
2018-12-17;(Germany) Lower Saxony;deunil;Lower Saxony Landesstraßen;active
2018-12-16;(Germany) Thuringia;deuthl;Thuringia Landesstraßen;active
2018-12-16;(Germany) Brandenburg;deubbl;Brandenburg Landesstraßen;active
2018-11-30;Greece;grceo;Greece Ethniki Odos;preview
2018-11-26;Bosnia and Herzegovina;bihm;Bosnia and Herzegovina Magistrale;active
2018-11-25;(Germany) Baden-Württemberg;deubwl;Baden-Württemberg Landesstraßen;active
2018-11-12;(USA) Alabama;usaal;Alabama State Highways;preview
2018-11-12;Poland;poldw;Poland Droga Wojewódzka;preview
2018-11-12;Poland;poldw1;Poland Droga Wojewódzka 100-199;merged
2018-11-12;Poland;poldw2;Poland Droga Wojewódzka 200-299;merged
2018-11-12;Poland;poldw3;Poland Droga Wojewódzka 300-399;merged
2018-11-12;Poland;poldw4;Poland Droga Wojewódzka 400-499;merged
2018-11-12;Poland;poldw5;Poland Droga Wojewódzka 500-599;merged
2018-11-12;Poland;poldw6;Poland Droga Wojewódzka 600-699;merged
2018-11-12;Poland;poldw7;Poland Droga Wojewódzka 700-799;merged
2018-11-12;Poland;poldw8;Poland Droga Wojewódzka 800-899;merged
2018-11-12;Poland;poldw9;Poland Droga Wojewódzka 900-999;merged
2018-11-12;Poland;poldw8;Poland Droga Wojewódzka 800-899;preview
2018-11-10;Poland;poldw6;Poland Droga Wojewódzka 600-699;preview
2018-11-02;(Germany) Hamburg;deuhhr;Hamburg Ringstraßen;active
2018-11-01;South Africa;zafn;South Africa National Highways;active
2018-10-22;Poland;poldw5;Poland Droga Wojewódzka 500-599;preview
2018-10-22;Poland;poldw9;Poland Droga Wojewódzka 900-999;preview
2018-10-19;Poland;poldw3;Poland Droga Wojewódzka 300-399;preview
2018-10-19;Poland;poldw4;Poland Droga Wojewódzka 400-499;preview
2018-10-14;Germany;deub;Germany Bundesstraßen;active
2018-09-03;Poland;poldw7;Poland Droga Wojewódzka 700-799;preview
2018-08-27;(Germany) Thuringia;deuthl;Thuringia Landesstraßen;preview
2018-08-25;Poland;poldw2;Poland Droga Wojewódzka 200-299;preview
2018-08-15;(Canada) Manitoba;canmbp;Manitoba Provincial Roads;preview
2018-07-22;(USA) Louisiana;usala;Louisiana State Highways;preview
2018-07-14;Russia;rusa;Russia Access Roads;preview
2018-07-09;Tajikistan;tjkrb;Tajikistan РБ Roads;active
2018-06-26;Tajikistan;tjkrb;Tajikistan РБ Roads;preview
2018-06-15;(USA) New York;usanyp;New York Parkways;preview
2018-06-15;(USA) Arkansas;usaar;Arkansas State Highways;preview
2018-05-27;Isle of Man;imnb;Isle of Man B Roads;preview
2018-05-27;Jersey;jeyb;Jersey B Roads;preview
2018-05-24;(Germany) Schleswig-Holstein;deushl;Schleswig-Holstein Landesstraßen;preview
2018-05-03;(Denmark) Faroe Islands;frolv;Faroe Islands Landsvegur;active
2018-05-03;New Zealand;nzlsh;New Zealand State Highways;preview
2018-05-01;(Germany) Saxony-Anhalt;deustl;Saxony-Anhalt Landesstraßen;preview
2018-04-07;Belize;blzar;Belize National Routes;preview
2018-04-07;Belize;blzd;Belize District Routes;preview
2018-04-03;United Kingdom;gbnb;Great Britain B Roads;preview
2018-04-03;(UK) England;engb;Great Britain B Roads (Southeastern England);merged
2018-04-03;(UK) Scotland;sctb;Great Britain B Roads (Scotland & Northern England);merged
2018-04-03;(UK) Wales;wlsb;Great Britain B Roads (Wales & Western England);merged
2018-03-26;(Canada) Alberta;canabs;Alberta Provincial Highways 500-986;preview
2018-03-25;(Germany) Mecklenburg-Western Pomerania;deumvl;Mecklenburg-Western Pomerania Landesstraßen;preview
2018-03-24;(UK) Northern Ireland;nirb;Northern Ireland B Roads;preview
2018-03-23;(USA) Alaska;usaak;Alaska State Highways;active
2018-03-11;(Germany) Saxony;deusns;Saxony Staatsstraßen;preview
2018-03-11;Slovakia;svkii;Slovakia Cesta II. Triedy;active
2018-03-11;Slovenia;svnr;Slovenia Regionalna Ceste;active
2018-03-10;(UK) Wales;wlsb;Great Britain B Roads (Wales & Western England);preview
2018-03-03;(Canada) Saskatchewan;cansk;Saskatchewan Provincial Highways 1-399;preview
2018-02-25;(Germany) Lower Saxony;deunil;Lower Saxony Landesstraßen;preview
2018-02-11;Iceland;islf;Iceland Fjallvegir;preview
2018-02-10;(UK) England;engb;Great Britain B Roads (Southeastern England);preview
2018-02-09;(South) Korea;korex;Korean Expressways;active
2018-01-27;(Germany) Hamburg;deuhhr;Hamburg Ringstraßen;preview
2018-01-26;(Germany) Brandenburg;deubbl;Brandenburg Landesstraßen;preview
2018-01-22;Lithuania;ltuk;Lithuania Krašto Keliai;active
2018-01-05;Estonia;estt;Estonia Tugimaanteed;active
2018-01-05;(USA) Montana;usamts;Montana Secondary State Highways;active
2018-01-05;Spain;espn;Spain Carretera Nacionales;active
2018-01-05;Montenegro;mnem;Montenegro Magistralni Put;re-entered
2018-01-05;(Spain) Canary Islands;espcn;Canary Islands Red Regional;preview
2018-01-05;(Spain) Balearic Islands;espib;Balearic Islands Red Primaria;preview
2018-01-05;(Spain) Region of Murcia;espmc;Region of Murcia Red de Primer Nivel;preview
2018-01-02;Netherlands;nldrw;Netherlands Ringwegen;active
2017-12-31;Netherlands;nldp;Netherlands Provinciale Wegen;active
2017-12-29;Netherlands;nldrw;Netherlands Ringwegen;preview
2017-12-28;(Germany) North Rhine-Westphalia;deunwl;North Rhine-Westphalia Landesstraßen;preview
2017-12-24;(Canada) Manitoba;canmbw;Winnipeg City Routes;preview
2017-12-16;(Germany) Saarland;deusll;Saarland Landesstraßen 1. Ordnung;preview
2017-12-12;(Spain) Andalusia;espan;Andalusia Red Básica;preview
2017-12-12;(Spain) Aragon);espar;Aragon Red Básica;preview
2017-12-12;(Spain) Valencian Community;espvc;Valencian Community Red Básica;preview
2017-12-12;Montenegro;mnem2;Montenegro Magistralni Put (new);preview
2017-12-11;Norway;norfv;Norway Primære Fylkesveier;preview
2017-12-03;(Germany) Rhineland-Palatinate;deurpl;Rhineland-Palatinate Landesstraßen;preview
2017-11-27;(Spain) Asturias;espas;Asturias Red Regional;preview
2017-11-27;(Spain) Cantabria;espcb;Cantabria Red Primaria;preview
2017-11-27;(Spain) Castile and Leon;espcl;Castile and Leon Red Básica;preview
2017-11-27;(Spain) Castilla-La Mancha;espcm;Castilla-La Mancha Red Básica;preview
2017-11-27;(Spain) Catalonia;espct;Catalonia Xarxa Básica;preview
2017-11-27;(Spain) Extremadura;espex;Extremadura Red Básica;preview
2017-11-27;(Spain) Community of Madrid;espmd;Community of Madrid Red Principal;preview
2017-11-27;(Spain) Navarre;espnc;Navarre Carreteras de Interés de la Comunidad Foral;preview
2017-11-27;(Spain) Basque Country;esppv;Basque Country Oinarrizko Sarea;preview
2017-11-27;(Spain) La Rioja;espri;La Rioja Red Regional Básica;preview
2017-10-06;Germany;deua;German Autobahnen;re-entered
2017-10-06;Germany;deub;Germany Bundesstraßen;re-entered
2017-10-06;(Germany) Bavaria;deubyst;Bavaria Staatsstraßen;re-entered
2017-10-06;(Germany) Hesse;deuhel;Hesse Landesstraßen;re-entered
2017-10-06;Germany;eure;UNECE International 'E' Roads (Germany);re-entered
2017-10-06;Germany;eursf;Europe Select Named Freeways (Germany);re-entered
2017-10-06;Spain;espa;Spain Autopista / Autovia;re-entered
2017-10-06;Spain;espn;Spain Carretera Nacionales;re-entered
2017-10-06;Spain;eure;UNECE International 'E' Roads (Spain);re-entered
2017-10-06;Spain;eursf;Europe Select Named Freeways (Spain);re-entered
2017-10-06;(Germany) Baden-Württemberg;deubwl;Baden-Württemberg Landesstraßen;preview
2017-09-29;Indonesia;idnjt;Indonesia Jalan Tol;active
2017-09-29;(China) Hong Kong;hkgrt;Hong Kong Routes;active
2017-09-29;(UK) Scotland;sctb;Great Britain B Roads (Scotland & Northern England);preview
2017-09-18;Albania;albsh;Albania Rrugë Shtetërore;active
2017-09-18;(China) Taiwan;twnf;Taiwan National Freeways;active
2017-09-18;Ireland;irlr;Ireland Regional Roads;active
2017-09-18;Serbia;srbb;Serbia Državni Put;active
2017-09-18;(Denmark) Faroe Islands;frolv;Faroe Islands Landsvegur;preview
2017-09-18;Slovenia;svnr;Slovenia Regionalna Ceste;preview
2017-09-06;Iran;irnf;Iran Freeways;active
2017-09-06;Malaysia;myse;Malaysia Expressways;active
2017-09-06;New Zealand;nzlmot;New Zealand Motorways;active
2017-09-06;Pakistan;pakm;Pakistan Motorways;active
2017-09-06;Sri Lanka;lkae;Sri Lanka Expressways;active
2017-09-06;Israel;isrh;Israel Highways;active
2017-09-06;Afghanistan;asiah;UNESCAP Asian Highways;active
2017-09-06;Iran;asiah;UNESCAP Asian Highways;active
2017-09-06;Pakistan;asiah;UNESCAP Asian Highways;active
2017-09-06;USA;usaush;United States Historic US Routes;preview
2017-09-06;Sweden;swel;Sweden Primära Länsvägar;active
2017-09-02;Japan;jpne;Japan Expressways;preview
2017-08-27;Iceland;islth;Iceland Þjóðvegir;active
2017-08-23;(USA) Tennessee;usatn;Tennessee State Highways;active
2017-08-23;(USA) Florida;usafl;Florida State Highways;preview
2017-08-21;(Canada) New Brunswick;cannb;New Brunswick Provincial Highways;split
2017-08-21;(Canada) New Brunswick;cannba;New Brunswick Arterial Highways;active
2017-08-21;(Canada) New Brunswick;cannbc;New Brunswick Collector Highways;active
2017-08-21;(Canada) New Brunswick;cannbl;New Brunswick Local Highways;active
2017-08-15;USA;usanp;United States Select National Park Highways;preview
2017-08-15;Italy;itass;Italy Strada Statale;preview
2017-08-10;Austria;autb;Austria Landesstraßen B;active
2017-07-30;Denmark;dnksr;Denmark Sekundærrute;active
2017-07-29;Portugal;prtic;Portugal Itinerários Complementares;active
2017-07-28;Croatia;hrvd;Croatia Državne Ceste;active
2017-07-25;Belgium;beln;Belgium Gewestwegen / Route Nationale;preview
2017-07-19;Switzerland;cheh;Switzerland Hauptstrassen;active
2017-07-09;Gabon;gaba;Gabon Autoroutes;active
2017-07-09;Namibia;nama;Namibia A Roads;active
2017-07-09;Senegal;sena;Senegal Autoroutes;active
2017-07-09;Tunisia;tuna;Tunisia Autoroutes;active
2017-07-09;Slovakia;svkii;Slovakia Cesta II. Triedy;preview
2017-07-09;South Africa;zafn;South Africa National Highways;preview
2017-07-05;(Canada) Manitoba;canmb;Manitoba Provincial Trunk Highways;active
2017-06-16;Czechia;czei;Czechia Silnice I. Třídy;active
2017-06-16;(Germany) Hesse;deuhel;Hesse Landesstraßen;preview
2017-06-13;Barbados;brbh;Barbados Highways;active
2017-06-13;Namibia;nama;Namibia A Roads;preview
2017-06-13;Nepal;nplh;Nepal Highways;preview
2017-06-13;Poland;poldw1;Poland Droga Wojewódzka 100-199;preview
2017-06-01;Israel;isrh;Israel Highways;preview
2017-05-30;(USA) Virginia;usava;Virginia State Highways;active
2017-05-29;(Canada) Quebec;canqc;Quebec Provincial Routes;preview
2017-05-13;Netherlands;nlds;Netherlands Stadsroutes;active
2017-05-06;(USA) California;usaca;California State Highways;preview
2017-05-06;(Canada) British Columbia;canbc;British Columbia Provincial Highways;active
2017-05-05;(USA) Puerto Rico;usapr;Puerto Rico Territorial Highways;preview
2017-04-22;Portugal;prtic;Portugal Itinerários Complementares;preview
2017-04-20;(China) Xinjiang;asiah;UNESCAP Asian Highways;active
2017-04-20;Mongolia;asiah;UNESCAP Asian Highways;active
2017-04-20;Russia;asiah;UNESCAP Asian Highways;active
2017-04-20;Denmark;dnksr;Denmark Sekundærrute;preview
2017-04-11;(USA) Wyoming;usawy;Wyoming State Highways;active
2017-04-08;Ireland;irlr;Ireland Regional Roads;preview
2017-04-08;Ireland;irlr1;Ireland Regional Roads 1xx;merged
2017-04-08;Ireland;irlr2;Ireland Regional Roads 2xx;merged
2017-04-08;Ireland;irlr3;Ireland Regional Roads 3xx;merged
2017-04-08;Ireland;irlr4;Ireland Regional Roads 4xx;merged
2017-04-08;Ireland;irlr5;Ireland Regional Roads 5xx;merged
2017-04-08;Ireland;irlr6;Ireland Regional Roads 6xx;merged
2017-04-08;Ireland;irlr7;Ireland Regional Roads 7xx;merged
2017-04-08;Ireland;irlr8;Ireland Regional Roads 8xx;merged
2017-04-08;Ireland;irlr9;Ireland Regional Roads 9xx;merged
2017-04-06;Ireland;irlr3;Ireland Regional Roads 3xx;preview
2017-04-06;Ireland;irlr4;Ireland Regional Roads 4xx;preview
2017-04-02;Singapore;sgpex;Singapore Expressways;active
2017-03-30;Ireland;irlr1;Ireland Regional Roads 1xx;preview
2017-03-30;Ireland;irlr2;Ireland Regional Roads 2xx;preview
2017-03-30;Ireland;irlr5;Ireland Regional Roads 5xx;preview
2017-03-30;Ireland;irlr6;Ireland Regional Roads 6xx;preview
2017-03-30;Ireland;irlr7;Ireland Regional Roads 7xx;preview
2017-03-30;Ireland;irlr8;Ireland Regional Roads 8xx;preview
2017-03-30;Ireland;irlr9;Ireland Regional Roads 9xx;preview
2017-03-26;(Germany) Bavaria;deubyst;Bavaria Staatsstraßen;preview
2017-03-21;Spain;espn;Spain Carretera Nacionales;preview
2017-02-28;Gabon;gaba;Gabon Autoroutes;preview
2017-02-28;Senegal;sena;Senegal Autoroutes;preview
2017-02-28;Sri Lanka;lkaa;Sri Lanka A Roads;preview
2017-02-13;Iceland;islth;Iceland Þjóðvegir;preview
2017-02-03;(Canada) Newfoundland and Labrador;cannl;Newfoundland and Labrador Provincial Highways;preview
2017-01-27;Estonia;estt;Estonia Tugimaanteed;preview
2017-01-20;(USA) Georgia;usaga;Georgia State Highways;preview
2017-01-18;(USA) Tennessee;usatn;Tennessee State Highways;preview
2017-01-18;Lithuania;ltuk;Lithuania Krašto Keliai;preview
2017-01-10;Kosovo;rksn;Kosovo National Roads;active
2017-01-10;Macedonia;mkda;Macedonia Magistrale;active
2017-01-10;Montenegro;mnem;Montenegro Magistralni Put;active
2016-12-27;Sweden;swel;Sweden Primära Länsvägar;preview
2016-12-18;Netherlands;nlds;Netherlands Stadsroutes;preview
2016-12-14;Netherlands;nldr;Netherlands Rijkswegen;active
2016-12-14;Netherlands;nldp;Netherlands Provinciale Wegen;preview
2016-12-03;Czechia;czeii;Czechia Silnice II. Třídy;preview
2016-11-30;(Canada) Manitoba;canmb;Manitoba Provincial Trunk Highways;preview
2016-11-29;(Canada) Alberta;canab;Alberta Provincial Highways 1-216;active
2016-11-25;Bulgaria;bgri;Bulgaria First and Second Class Roads;active
2016-11-25;Hungary;hunf;Hungary Főútjai;active
2016-11-25;Moldova;mdam;Moldova Magistrale;active
2016-11-25;Portugal;prtip;Portugal Itinerários Principais;active
2016-11-25;Portugal;prtve;Madeira Via Expresso;active
2016-11-25;Slovakia;svki;Slovakia Cesta I. Triedy;active
2016-11-24;Kazakhstan;asiah;UNESCAP Asian Highways;active
2016-11-24;Kyrgyzstan;asiah;UNESCAP Asian Highways;active
2016-11-24;Tajikistan;asiah;UNESCAP Asian Highways;active
2016-11-24;Turkmenistan;asiah;UNESCAP Asian Highways;active
2016-11-24;Uzbekistan;asiah;UNESCAP Asian Highways;active
2016-11-24;Georgia;cisa;Central Asian doroga nacional'nogo znacenija;active
2016-11-24;Tajikistan;cisa;Central Asian doroga nacional'nogo znacenija;active
2016-11-24;Turkmenistan;cisa;Central Asian doroga nacional'nogo znacenija;active
2016-11-24;Uzbekistan;cisa;Central Asian doroga nacional'nogo znacenija;active
2016-11-24;Kazakhstan;cism;Central Asian Magistral;active
2016-11-24;Tajikistan;cism;Central Asian Magistral;active
2016-11-24;Turkmenistan;cism;Central Asian Magistral;active
2016-11-24;Uzbekistan;cism;Central Asian Magistral;active
2016-11-24;Kazakhstan;kaza;Kazakhstan Main Roads;active
2016-11-24;Kyrgyzstan;kgzem;Kyrgyzstan ЭМ Roads;active
2016-11-24;Russia;rusm;Russia Moskva Roads;active
2016-11-13;Croatia;hrvd;Croatia Državne Ceste;preview
2016-11-05;(USA) Kentucky;usaky;Kentucky State Highways 1-1499;extended
2016-11-05;(USA) Kentucky;usaky4;Kentucky State Highways 1500-1999;merged
2016-11-05;(USA) Kentucky;usaky5;Kentucky State Highways 2000-2499;merged
2016-11-05;(USA) Kentucky;usaky6;Kentucky State Highways 2500-2999;merged
2016-11-05;(USA) Kentucky;usaky7;Kentucky State Highways 3000-3499;merged
2016-11-05;(USA) Kentucky;usaky8;Kentucky State Highways 3500-6183;merged
2016-11-01;Armenia;asiah;UNESCAP Asian Highways;active
2016-11-01;Azerbaijan;asiah;UNESCAP Asian Highways;active
2016-11-01;Georgia;asiah;UNESCAP Asian Highways;active
2016-11-01;Turkey;asiah;UNESCAP Asian Highways;active
2016-11-01;Armenia;armm;Armenia Magistrale;active
2016-11-01;Azerbaijan;azem;Azerbaijan Magistrale;active
2016-11-01;Georgia;geos;Georgia Sakartvelo Roads;active
2016-11-01;Kazakhstan;kaza;Kazakhstan Main Roads;preview
2016-11-01;Kyrgyzstan;kgzem;Kyrgyzstan ЭМ Roads;preview
2016-10-27;(Netherlands) Aruba;abwrt;Aruba Routes;active
2016-10-24;Sweden;swer;Sweden Riksvägar;active
2016-10-10;Asia;cisa;Central Asian doroga nacional'nogo znacenija;preview
2016-10-09;Asia;asiahr;UNESCAP Asian Highways (for review);split
2016-10-09;Poland;poldk;Poland Drogi Krajowa;active
2016-10-02;Norway;norrv;Norway Riksveier;active
2016-09-18;Portugal;prtve;Madeira Via Expresso;preview
2016-09-18;Russia;rusm;Russia Moskva Roads;preview
2016-09-15;Slovenia;svng;Slovenia Glavne Ceste;active
2016-09-15;Asia;asiahp;UNESCAP Asian Highways (for preview);split
2016-09-09;Bosnia and Herzegovina;bihm;Bosnia and Herzegovina Magistrale;preview
2016-09-01;Asia;asim;ESCWA Arab Mashreq International Road Network;preview
2016-09-01;Belarus;blrm;Belarus Magistral;active
2016-09-01;Israel;isrf;Israel Freeways;active
2016-09-01;Morocco;mara;Morocco Autoroutes;active
2016-09-01;Portugal;prtip;Portugal Itinerários Principais;preview
2016-09-01;Ukraine;ukrm;Ukraine Mezdunarodnyj;active
2016-08-29;Czechia;czei;Czechia Silnice I. Třídy;preview
2016-08-21;Austria;autb;Austria Landesstraßen B;preview
2016-08-14;(USA) Indiana;usain;Indiana State Routes;active
2016-08-10;Switzerland;cheh;Switzerland Hauptstrassen;preview
2016-08-07;Sweden;swer;Sweden Riksvägar;preview
2016-07-19;Germany;deub;Germany Bundesstraßen;extended
2016-07-19;Germany;deub0;Germany Bundesstraßen 1-99;merged
2016-07-19;Germany;deub1;Germany Bundesstraßen 100-199;merged
2016-07-19;Germany;deub2;Germany Bundesstraßen 200-299;merged
2016-07-19;Germany;deub3;Germany Bundesstraßen 300-399;merged
2016-07-19;Germany;deub4;Germany Bundesstraßen 400-499;merged
2016-07-19;Germany;deub5;Germany Bundesstraßen 500-999;merged
2016-07-06;(USA) Colorado;usaco;Colorado State Highways;active
2016-07-04;Germany;deub3;Germany Bundesstraßen 300-399;preview
2016-07-02;Germany;deub2;Germany Bundesstraßen 200-299;preview
2016-06-26;Germany;deub5;Germany Bundesstraßen 500-999;preview
2016-06-23;Germany;deub1;Germany Bundesstraßen 100-199;preview
2016-06-21;Andorra;andcg;Andorra Carreteras Generales;active
2016-06-21;Cyprus;cypb;Cyprus B Roads;active
2016-06-21;Estonia;estt;Estonia Põhimaanteed;active
2016-06-21;Luxembourg;luxn;Luxembourg Nationalstroossen;active
2016-06-21;Malta;mltt;Malta Arterial Roads;active
2016-06-21;Romania;roudn;Romania Drumuri Naţionales;active
2016-06-21;Hungary;hunf;Hungary Főútjai;preview
2016-06-21;Poland;poldk;Poland Drogi Krajowa;preview
2016-06-21;Serbia;srbb;Serbia Državni Put;preview
2016-06-21;Slovakia;svki;Slovakia First Class Roads;preview
2016-06-17;Germany;deub0;Germany Bundesstraßen 1-99;preview
2016-06-08;(USA) Texas;usatx;Texas State Highways;active
2016-06-08;(USA) Texas;usatxl;Texas State Highway Loops;active
2016-06-08;(USA) Texas;usatxs;Texas State Highway Spurs;active
2016-06-06;Slovenia;svng;Slovenia Glavne Ceste;preview
2016-06-03;Norway;norrv;Norway Riksveier;preview
2016-05-23;(USA) Kentucky;usaky8;Kentucky State Highways 3500-6183;preview
2016-05-22;(USA) Kentucky;usaky7;Kentucky State Highways 3000-3499;preview
2016-05-21;(USA) Kentucky;usaky6;Kentucky State Highways 2500-2999;preview
2016-05-17;(USA) Kentucky;usaky5;Kentucky State Highways 2000-2499;preview
2016-05-11;(USA) Kentucky;usaky4;Kentucky State Highways 1500-1999;preview
2016-05-08;Indonesia;idnjt;Indonesia Jalan Tol;preview
2016-05-01;Asia;cism;Central Asian Magistral;preview
2016-05-01;Israel;isrf;Israel Freeways;preview
2016-05-01;New Zealand;nzlmot;New Zealand Motorways;preview
2016-05-01;Philippines;phle;Philippines Expressways;preview
2016-05-01;United Kingdom;gbrtr;UK Tourist and Scenic Routes;preview
2016-04-21;China;chng;China National Expressways;preview
2016-04-21;India;index;India National Expressways;preview
2016-04-05;Barbados;brbh;Barbados Highways;preview
2016-03-31;Belgium;belr;Belgium Ringwegen;active
2016-03-31;Denmark;dnkpr;Denmark Primærruter;active
2016-03-31;(Finland) Åland;alakt;Åland Kantatiet;active
2016-03-31;(Finland) Åland;alavt;Åland Valtatiet;active
2016-03-31;Finland;finkt;Finland Kantatiet;active
2016-03-31;Finland;finvt;Finland Valtatiet;active
2016-03-31;France;fran;France Routes Nationales;active
2016-03-31;(France) Corsica;frht;Corsica Routes Territoriales;active
2016-03-31;(France) French Guiana;gufn;French Guiana Routes Nationales;active
2016-03-31;(France) French Polynesia;pyft;French Polynesia Routes Territoriales;active
2016-03-31;(France) Guadaloupe;glpn;Guadaloupe Routes Nationales;active
2016-03-31;(France) Martinique;mtqn;Martinique Routes Nationales;active
2016-03-31;(France) Mayotte;mytn;Mayotte Routes Nationales;active
2016-03-31;(France) New Caledonia;ncle;New Caledonia Voie Express;active
2016-03-31;(France) New Caledonia;nclt;New Caledonia Routes Territoriales;active
2016-03-31;(France) Reunion;reun;Reunion Routes Nationales;active
2016-03-31;(France) Saint Pierre and Miquelon;spmn;Saint Pierre and Miquelon Routes Territoriales;active
2016-03-31;(France) Wallis and Futuna;wlft;Wallis and Futuna Routes Territoriales;active
2016-03-31;Latvia;lvaa;Latvia Galvenā Ceļš;active
2016-03-31;Lithuania;ltua;Lithuania Magistraliniai Keliai;active
2016-03-31;(USA) Guam;usagu;Guam Territorial Highways;active
2016-03-31;(USA) Northern Mariana Islands;usamp;Northern Mariana Islands Territorial Highways;active
2016-03-31;(USA) US Virgin Islands;usavi;US Virgin Islands Territorial Highways;active
2016-03-23;Bulgaria;bgri;Bulgaria First Class Roads;preview
2016-03-23;Cyprus;cypb;Cyprus B Roads;preview
2016-03-23;Malta;mltt;Malta Arterial Roads;preview
2016-03-22;(USA) Kentucky;usaky;Kentucky State Highways 1-1499;extended
2016-03-22;(USA) Kentucky;usaky3;Kentucky State Highways 1000-1499;merged
2016-03-21;Albania;albsh;Albania Rrugë Shtetërore;preview
2016-03-21;Asia;asiah;UNESCAP Asian Highways;preview
2016-03-21;Luxembourg;luxn;Luxembourg Nationalstroossen;preview
2016-03-11;(Netherlands) Aruba;abwrt;Aruba Routes;preview
2016-03-11;Armenia;armm;Armenia Magistrale;preview
2016-03-11;Azerbaijan;azem;Azerbaijan Magistrale;preview
2016-03-11;Estonia;estt;Estonia Põhimaanteed;preview
2016-03-11;Georgia (Asia);geos;Georgia Sakartvelo Roads;preview
2016-03-11;Moldova;mdam;Moldova Magistrale;preview
2016-03-11;Macedonia;mkdm;Macedonia Magistrale;preview
2016-03-11;Montenegro;mnem;Montenegro Magistralni Put;preview
2016-03-11;Kosovo;rksn;Kosovo National Roads;preview
2016-03-07;Belgium;belb;Belgium Bretelles;active
2016-03-07;Serbia;serba;Serbia Autoputevi;active
2016-02-26;Ukraine;ukrm;Ukraine Mezdunarodnyj;preview
2016-02-23;(USA) South Carolina;usasc;South Carolina State Highways;preview
2016-02-20;(USA) Montana;usamts;Montana Secondary State Highways;preview
2016-02-10;(Canada) British Columbia;canbc;British Columbia Provincial Highways;preview
2016-02-10;(USA) Montana;usamt;Montana Primary State Highways;active
2016-02-10;(USA) Northern Mariana Islands;usamp;Northern Mariana Islands Territorial Highways;preview
2016-01-28;(USA) Guam;usagu;Guam Territorial Highways;preview
2016-01-25;Romania;roudn;Romania Drumuri Naţionales;preview
2016-01-24;Andorra;andcg;Andorra Carreteras Generales;preview
2016-01-24;Belarus;blrm;Belarus Magistral;preview
2016-01-24;Sri Lanka;lkae;Sri Lanka Expressways;preview
2016-01-24;South Korea;korex;(South) Korean Expressways;preview
2016-01-24;Pakistan;pakm;Pakistan Motorways;preview
2016-01-24;(China) Taiwan;twnf;Taiwan National Freeways;preview
2016-01-19;(USA) Kentucky;usaky3;Kentucky State Highways 1000-1499;preview
2016-01-16;(USA) Kentucky;usakyp;Kentucky Parkways;active
2016-01-15;Netherlands;nldn0;Netherlands Niet-Autosnelwegen 1-99;preview
2016-01-15;Singapore;sgpex;Singapore Expressways;preview
2016-01-15;Tunisia;tuna;Tunisia Autoroutes;preview
2016-01-11;(China) Hong Kong;hgkrt;Hong Kong Routes;preview
2016-01-11;(Finland) Åland;alavt;Åland Valtatiet;preview
2016-01-11;(Finland) Åland;alakt;Åland Kantatiet;preview
2016-01-11;Morocco;mara;Morocco Autoroutes;preview
2016-01-11;(USA) Vermont;usavt;Vermont State Highways;active
2016-01-07;(USA) Nebraska;usanes;Nebraska State Links and Spurs;active
2016-01-02;(France) Corsica;frht;Corsica Routes Territoriales;preview
2016-01-02;(France) Guadeloupe;glpn;Guadeloupe Routes Nationales;preview
2016-01-02;(France) French Guiana;gufn;French Guiana Routes Nationales;preview
2016-01-02;(France) Martinique;mtqn;Martinique Routes Nationales;preview
2016-01-02;(France) Mayotte;mytn;Mayotte Routes Nationales;preview
2016-01-02;(France) New Caledonia;ncle;New Caledonia Expressways;preview
2016-01-02;(France) New Caledonia;nclt;New Caledonia Routes Territoriales;preview
2016-01-02;(France) French Polynesia;pyft;French Polynesia Routes Territoriales;preview
2016-01-02;(France) Reunion;reun;Reunion Routes Nationales;preview
2016-01-02;(France) Saint Pierre and Miquelon;spmn;Saint Pierre and Miquelon Routes Territoriales;preview
2016-01-02;(France) Wallis and Futuna;wlft;Wallis and Futuna Routes Territoriales;preview
2016-01-02;(USA) Virgin Islands;usavi;US Virgin Islands Territorial Highways;preview
2016-01-01;Czechia;czer;Czechia R Roads;merged
2015-12-30;(UK) Great Britain;gbna1;Great Britain A Roads;extended
2015-12-30;(UK) Great Britain;gbna1;Great Britain A Roads (Zone 1);merged
2015-12-30;(UK) Great Britain;gbna6;Great Britain A Roads (Zone 6);merged
2015-12-30;(UK) Great Britain;gbna8;Great Britain A Roads (Zone 8);merged
2015-12-30;(UK) Great Britain;gbna9;Great Britain A Roads (Zone 9);merged
2015-12-13;(USA) New Mexico;usanm;New Mexico State Highways;active
2015-11-29;Belgium;belb;Belgium Bretelles;preview
2015-11-29;Belgium;belr;Belgium Ringwegen;preview
2015-11-29;Denmark;dnkpr;Denmark Primærruter;preview
2015-11-29;Finland;finvt;Finland Valtatiet;preview
2015-11-29;Finland;finkt;Finland Kantatiet;preview
2015-11-29;France;fran;Routes Nationales;preview
2015-11-29;Latvia;lvaa;Latvia Galvenā Ceļš;preview
2015-11-29;Lithuania;ltua;Lithuania Magistraliniai Keliai;preview
2015-11-29;Serbia;srba;Serbia Autoputevi;preview
2015-11-27;(USA) Alaska;usaak;Alaska State Highways;preview
2015-11-26;(Canada) Alberta;canab;Alberta Provincial Highways 1-216;preview
2015-11-26;(UK) Great Britain;gbna1;Great Britain A Roads (Zone 1);preview
2015-11-26;(UK) Great Britain;gbna6;Great Britain A Roads (Zone 6);preview
2015-11-26;(UK) Great Britain;gbna8;Great Britain A Roads (Zone 8);preview
2015-11-26;(UK) Great Britain;gbna9;Great Britain A Roads (Zone 9);preview
2015-11-26;(USA) Colorado;usaco;Colorado State Highways;preview
2015-11-26;(USA) Indiana;usain;Indiana State Highways;preview
2015-11-26;(USA) Montana;usamt;Montana Primary State Highways;preview
2015-11-26;(USA) Nebraska;usanes;Nebraska State Links and Spurs;preview
2015-11-26;(USA) New Mexico;usanm;New Mexico State Highways;preview
2015-11-26;(USA) Texas;usatx;Texas State Highways;preview
2015-11-26;(USA) Texas;usatxl;Texas State Highway Loops;preview
2015-11-26;(USA) Texas;usatxs;Texas State Highway Spurs;preview
2015-11-26;(USA) Vermont;usavt;Vermont State Highways;preview
2015-11-26;(USA) Virginia;usava;Virginia State Highways;preview
2015-11-26;(USA) Wyoming;usawy;Wyoming State Highways;preview
2015-11-12;(USA) Utah;usaut;Utah State Highways;active
2015-08-23;Europe;eursf;Europe Select Named Motorways;active
2015-08-23;Italy;;Italy Select Named Motorways;merged
2015-08-23;Spain;;Spain Select Autonomous Community Motorways;merged
