systemName;region;route;banner;abbrev;city;root;altRouteNames
eursf;CZE;5KvePra;;;5. května, Praha;cze.5kvepra;
eursf;SWE;AbyMot;;;Åby - Norrköping motorvägen;swe.abynormot;
eursf;DNK;AdaMot;;;Ådalsmotorvejen;dnk.adamot;
eursf;SWE;AliLed;;;Alingsåsleden, Göteborg;swe.aliled;
eursf;DNK;AmaMot;;;Amagermotorvejen;dnk.amamot;
eursf;SWE;AngLed;;;Ängelholmsleden, Helsingborg;swe.angled;
eursf;FRA;D2701;;;Antenne de Saran;fra.d2701;
eursf;SWE;ArbVag;;;Arbogavägen, Örebro;swe.arbvag;
eursf;DNK;ArhSMot;;;Århus Syd Motorvejen;dnk.arhsmot;
eursf;SWE;ArlLed;;;Arlandaleden, Stockholm;swe.arlled;
eursf;SWE;ArsLan;;;Årstalänken, Stockholm;swe.arslan;
eursf;NOR;AsaVei;;;Asaneveien, Bergen;nor.asavei;
eursf;NOR;AskMot;;;Askim Motorveien;nor.askmot;
eursf;DEU-BE;AutZub;;Sch;Autobahnzubringer Berlin-Schmargendorf;deube.autzubsch;
eursf;DEU-HB;AutZub;;Hem;Autobahnzubringer Bremen-Hemelingen;deuhb.autzubhem;
eursf;DEU-HE;K854;;;Autobahnzubringer Erlensee;deuhe.k854;
eursf;DEU-NW;K4;;;Autobahnzubringer Köln-Ehrenfeld;deunw.k004;
eursf;BIH;AutBLDob;;Ban;Autoput Banja Luka - Doboj (Banja Luka);bih.autbldobban;
eursf;BIH;AutBLDob;;;Autoput Banja Luka - Doboj (Doboj);bih.autbldob;
eursf;BIH;AutGraBL;;;Autoput Gradiška - Banja Luka;bih.autgrabl;
eursf;SWE;AutoStr;;;Autostradan, Malmo;swe.autostr;
eursf;CHE;AutGalsIns;;;Autostrasse Gals - Ins;che.autgalsins;
eursf;CHE;AutOenKlu;;;Autostrasse Oensingen - Klus;che.autoenklu;
eursf;CHE;H223;;;Autostrasse Spiez - Mülenen;che.h223;
eursf;ESP-PV;BI637;;;Autovía Baracaldo - Plencia;esppv.bi637;
eursf;ESP-PV;GI632;;;Autovía Beasain-Bergara;esppv.gi632;
eursf;ESP-PV;BI631;;;Autovía Bilbao - Munguía;esppv.bi631;
eursf;ESP-AN;A92;;;Autovía de Andalucia;espan.a092;
eursf;ESP-AN;A92N;;;Autovía de Andalucia;espan.a092n;
eursf;ESP-AN;A92G;;;Autovía de Andalucia (Grenada);espan.a092g;
eursf;ESP-AN;A92M;;;Autovía de Andalucia (Malaga);espan.a092m;
eursf;ESP-MD;M607;;;Autovía de Colmenar Viejo;espmd.m607;
eursf;ESP-MD;MP203;;;Autovía de entrada sur a Alcalá;espmd.mp203;
eursf;ESP-MC;RM12;;;Autovía de La Manga;espmc.rm012;
eursf;ESP-VC;CV10;;;Autovía de la Plana;espvc.cv010;
eursf;ESP-MD;M501;;;Autovia de los Pantanos;espmd.m501;
eursf;ESP-MD;M407;;;Autovía de Polvoranca;espmd.m407;
eursf;ESP-VC;CV36;;;Autovía de Torrente;espvc.cv036;
eursf;ESP-MC;RM19;;;Autovía del Mar Menor;espmc.rm019;
eursf;ESP-MC;RM15;;;Autovía del Noroeste;espmc.rm015;
eursf;ESP-AN;A316;;;Autovía del Olivar;espan.a316;
eursf;ESP-AN;A318;;;Autovía del Olivar;espan.a318;
eursf;ESP-VC;CV35;;;Autovía del Turia;espvc.cv035;
eursf;ESP-AN;A381;;;Autovía Jerez - Los Barrios;espan.a381;
eursf;ESP-MC;RM11;;;Autovía Lorca-Águilas;espmc.rm011;
eursf;ESP-VC;CV80;;;Autovía Sax - Castalla;espvc.cv080;
eursf;UKR;AvtKhaDni;;;Avtostrada Kharkiv - Dnipro;ukr.avtkhadni;
eursf;UKR;AvtKievBor;;;Avtostrada Kiev - Boryspil;ukr.avtkievbor;
eursf;FRA;D383;;;Boulevard Laurent Bonnevay, Lyon;fra.d383;
eursf;FRA;D651;;;Boulevard Péripherique Est de Lille;fra.d651;
eursf;FRA;BP;;;Boulevard Péripherique, Paris;fra.bp;
eursf;FRA;D301;;;Boulevard Urbain Sud, Lyon;fra.d301;
eursf;CHE;BreLau;;;Bretelle Lausanne;che.brelau;
eursf;SWE;BroKarMot;;;Bromölla - Karlshamn motorvägen;swe.brokarmot;
eursf;SWE;BulSunMot;;;Bulltofta - Sunnanå motorvägen, Malmö;swe.bulsunmot;
eursf;ESP-MD;M500;;;Carretera de Castilla;espmd.m500;
eursf;ESP-IB;Ma15;;;Carretera de Manacor;espib.ma015;
eursf;DEU-NW;ChoZub;;;Chorweiler Zubringer Köln;deunw.chozub;
eursf;CZE;ChuRad;;;Chuchelská radiála, Praha;cze.churad;
eursf;ESP-IB;E20;;;Circunvalación de Ibiza;espib.e020;
eursf;ESP-MD;M45;;;Circunvalación de Madrid;espmd.m045;
eursf;ESP-PV;BI636;;;Corredor del Cadagua, Bilbao;esppv.bi636;
eursf;SWE;DagHamLed;;;Dag Hammarskjöldsleden, Göteborg;swe.daghamled;
eursf;ESP-VC;CV31;;;Distribuidor comarcal norte, Valencia;espvc.cv031;
eursf;ESP-VC;CV33;;;Distribuidor comarcal sur, Valencia;espvc.cv033;
eursf;DNK;DjuMot;;;Djurslandmotorvejen;dnk.djumot;
eursf;NLD;DraWeg;;;Drachtsterweg, Leeuwarden;nld.draweg;
eursf;POL;DW902;;;Drogowa Trasa Średnicowa;pol.dw902;
eursf;CHE;EggGre;;;Eggfluhtunnel Grellingen;che.egggre;
eursf;ESP-MD;M503;;;Eje Madrid Noroeste;espmd.m503;
eursf;SWE;EnkVag;;;Enköpingsvägen, Stockholm;swe.enkvag;
eursf;DNK;EsbMot;;;Esbjergmotorvejen;dnk.esbmot;
eursf;SWE;EskSodMot;;;Eskilstuna - Södertälle motorvägen;swe.esksodmot;
eursf;SWE;EssLed;;;Essingeleden, Stockholm;swe.essled;
eursf;NOR;EurVei;;;Europavei, Oslo;nor.eurvei;
eursf;DEU-BY;N4;;;Frankenschnellweg Nürnberg;deuby.n004;
eursf;DNK;FHavnMot;;;Frederikshavnmotorvejen;dnk.fhavnmot;
eursf;DNK;FSundMot;;;Frederikssundmotorvejen;dnk.fsundmot;
eursf;DNK;FynMot;;;Fynske Motorvej;dnk.fynmot;
eursf;SWE;GavSanMot;;;Gävle - Sandviken motorvägen;swe.gavsanmot;
eursf;SWE;GotMot;;;Götene motorvägen;swe.gotmot;
eursf;SWE;GotJonMot;;;Göteborg - Jönköping motorvägen;swe.gotjonmot;
eursf;BIH;GraAutSar;;;Gradski Autoput Sarajevo;bih.graautsar;
eursf;DEU-TH;K35;;;Hannoversche Straße Erfurt;deuth.k035;
eursf;ENG;T5Spr;;;Heathrow Terminal 5 Spur;eng.t5spr;
eursf;SWE;HelKanMot;;;Helsingborg - Kanna motorvägen;swe.helkanmot;
eursf;DNK;HelMot;;;Helsingørmotorvejen;dnk.helmot;
eursf;DNK;HerMot;;;Herningmotorvejen;dnk.hermot;HerMotArh
eursf;DNK;HilMot;;;Hillerødmotorvejen;dnk.hilmot;
eursf;DNK;HirMot;;;Hirtshalsmotorvejen;dnk.hirmot;
eursf;SWE;HisLed;;;Hisingsleden, Göteborg;swe.hisled;
eursf;DNK;HolMot;;;Holbækmotorvejen;dnk.holmot;
eursf;FIN;ImaMoo;;;Imatran moottoritie;fin.imamoo;
eursf;DEU-NW;IndStr;;Kol;Industriestraße Köln;deunw.indstrkol;
eursf;DEU-NI;IndStrMit;;;Industriestraße Mitte Salzgitter;deuni.indstrmit;
eursf;DEU-NI;IndStrNord;;;Industriestraße Nord Salzgitter;deuni.indstrnord;
eursf;FIN;JoeMoo;;;Joensuun moottoritie;fin.joemoo;
eursf;NLD;JFKenLaan;;;John F. Kennedylaan, Eindhoven;nld.jfkenlaan;
eursf;FIN;JyvMoo;;;Jyväskylän moottoritiet;fin.jyvmoo;
eursf;SWE;KalMot;;;Kalmar motorvägen;swe.kalmot;
eursf;DNK;KalMot;;;Kalundborgmotorvejen;dnk.kalmot;
eursf;SWE;KarMot;;;Karlstad motorvägen;swe.karmot;
eursf;RUS;KasSho;;;Kashirskoe Shosse, Moskva;rus.kassho;
eursf;LTU;KauKalGre;;;Kaunas - Klapieda Greitkelio;ltu.kauklagre;
eursf;CZE;KbelSka;;;Kbelská, Praha;cze.kbelska;
eursf;ENG;KeaSpr;;;Kearsley Spur;eng.keaspr;
eursf;FIN;KehaI;;;Keha I, Helsinki;fin.kehai;
eursf;FIN;KehaII;;;Keha II, Helsinki;fin.kehaii;
eursf;FIN;KehaIII;;;Keha III, Helsinki;fin.kehaiii;
eursf;RUS;KieSho;;;Kievskoe Shosse, Moskva;rus.kiesho;
eursf;DNK;KogBugMot;;;Køge Bugt Motorvejen;dnk.kogbugmot;
eursf;RUS;KAD;;;Koltsevaya Avtomobilnaya Doroga, Sankt-Peterburg;rus.kad;
eursf;SWE;KriMot;;;Kristianstad motorvägen;swe.krimot;
eursf;SWE;KunLed;;;Kungälvsleden, Göteborg;swe.kunled;
eursf;SWE;KunBacLed;;;Kunsbackaleden, Göteborg;swe.kunbacled;
eursf;FIN;KuoMoo;;;Kuopion Moottoritie;fin.kuomoo;
eursf;FIN;LanVay;;;Länsiväylä, Helsinki;fin.lanvay;
eursf;FRA;D901;;;Le Fil d'Ariane, Toulouse;fra.d901;
eursf;SWE;LekOreMot;;;Lekhyttan - Örebro motorvägen;swe.lekoremot;
eursf;FIN;LenTie;;;Lentpasemantie, Helsinki;fin.lentie;
eursf;NOR;LufVei;;;Lufthavnveien, Gardemoen;nor.lufvei;
eursf;SWE;LundLinMot;;;Lund - Linderöd motorvägen;swe.lundlinmot;
eursf;SWE;LunLed;;;Lundbyleden, Göteborg;swe.lunled;
eursf;DNK;LynMot;;;Lyngbymotorvejen;dnk.lynmot;
eursf;FRA;TEO;;;Lyon Tangent Est-Ost;fra.teo;
eursf;DEU-NW;MalStr;;Dor;Mallinckrodtstraße Dortmund;deunw.malstrdor;
eursf;SWE;IRingVag;;;Malmo Inre Ringvagen;swe.inreringvag;
eursf;SWE;YRingVag;;;Malmo Yttre Ringvagen;swe.yttringvag;
eursf;SWE;MalLed;;;Malmoleden, Helsingborg;swe.malled;
eursf;SWE;MalSlaVag;;;Malmslättsvägen, Linköpings;swe.malslavag;
eursf;DNK;MarMolMot;;;Mariendalsmøllemotorvejen;dnk.marmolmot;
eursf;DEU-NW;K8;;;Mercatorstraße Köln;deunw.k008;
eursf;DNK;MesMot;;;Messemotorvejen (Syd Herning);dnk.mesmot;
eursf;DNK;MesMot;;Ves;Messemotorvejen (Vest Herning);dnk.mesmotves;
eursf;CZE;MO;;;Městský Okruh, Praha;cze.mo;
eursf;DNK;MidMot;;;Midtjyske Motorvej;dnk.midmot;
eursf;BLR;MinKobAut;;;Minsk - Kobrin Aŭtamabіĺnaja;blr.minkobaut;
eursf;BLR;MinOrsAut;;;Minsk - Orsha Aŭtamabіĺnaja;blr.minorsaut;
eursf;BLR;MKAD;;;Mіnskaja Kaĺcavaja Aŭtamabіĺnaja Daroha;blr.mkad;
eursf;BLR;MKAD2;;;Mіnskaja Kaĺcavaja Aŭtamabіĺnaja Daroha 2;blr.mkad2;
eursf;FIN;MooHelHam;;;Moottoritie Helsinki-Hamina;fin.moohelham;
eursf;FIN;MooHelLusi;;;Moottoritie Helsinki-Lusi;fin.moohellusi;
eursf;FIN;MooHelTam;;;Moottoritie Helsinki-Tampere;fin.mooheltam;
eursf;FIN;MooTamNok;;;Moottoritie Tampere-Nokia;fin.mootamnok;
eursf;FIN;MooTurHel;;;Moottoritie Turku-Helsinki;fin.mooturhel;
eursf;RUS;MKAD;;;Moscovskaya Koltsevaya Avtomobilnaya Doroga, Moskva;rus.mkad;
eursf;DNK;MotRing3;;;Motorring 3;dnk.motring3;
eursf;DNK;MotRing4;;;Motorring 4;dnk.motring4;
eursf;DEU-NW;MunStr;;;Münchener Straße Düsseldorf;deunw.munstr;
eursf;SWE;NatKarMot;;;Nättraby - Karlskrona motorvägen;swe.natkarmot;
eursf;NLD;NooBrug;;;Noorderbrug/Viaductweg, Maastricht;nld.noobrug;
eursf;DNK;NorMot;;;Nordjyske Motorvej;dnk.normot;
eursf;DEU-NI;NordTan;;Old;Nordtangente Oldenburg;deuni.nordtanold;
eursf;SWE;NorLan;;;Norra Lanken, Stockholm;swe.norlan;
eursf;SWE;NorLed;;;Norrortsleden, Stockholm;swe.norled;
eursf;SWE;NorVag;;;Norrtäljesvag, Stockholm;swe.norvag;
eursf;RUS;NovSho;;;Novorizhskoe Shosse, Moskva;rus.novsho;
eursf;SWE;NykOxeMot;;;Nyköping - Oxelösund motorvägen;swe.nykoxemot;
eursf;SWE;NynVag;;;Nynasvagen, Stockholm;swe.nynvag;
eursf;SWE;OdeSodMot;;;Ödeshög - Södertälle motorvägen;swe.odesodmot;
eursf;NOR;OmkVei;;;Omkjøringsveien, Trondheim;nor.omkvei;
eursf;NOR;OprTun;;;Operatunnelen, Oslo;nor.oprtun;
eursf;DNK;OreMot;;;Øresundsmotorvejen;dnk.oremot;
eursf;SWE;OscLed;;;Oscarsleden, Göteborg;swe.oscled;
eursf;NOR;OsloKolMot;;;Oslo - Kolomoen Motorveien;nor.oslokolmot;
eursf;NOR;OsloKriMot;;;Oslo - Kristiansand Motorvei (Oslo);nor.oslokrimot;
eursf;NOR;OsloKriMot;;Kri;Oslo - Kristiansand Motorvei (Kristiansand);nor.oslokrimotkri;
eursf;SWE;OstLed;;;Österleden, Karlskrona;swe.ostled;
eursf;DNK;OstMot;;;Østjyske Motorvej;dnk.ostmot;
eursf;FIN;OulMoo;;;Ouluun moottoritie;fin.oulmoo;
eursf;SWE;ParBin;;;Partihallsförbindelsen, Göteborg;swe.parbin;
eursf;FIN;PerTie;;;Perämerentie;fin.pertie;
eursf;FRA;D37;;;Péripherique de Tours;fra.d037;
eursf;SWE;PitNorMot;;;Piteå - Norrfjärden motorvägen;swe.pitnormot;
eursf;ESP-PV;GI20;;;Primer Cinturón de San Sebastián;esppv.gi020;
eursf;CZE;ProRad;;;Prosecká radiála, Praha;cze.prorad;
eursf;CZE;RadRad;;;Radlická radiála, Praha;cze.radrad;
eursf;ITA;RABetPer;;;R.A. Bettolle-Perugia;ita.rabetper;
eursf;ITA;RAPis;;;R.A. di Pistoia;ita.rapis;
eursf;ITA;RARegCal;;;R.A. di Reggio Calabria;ita.raregcal;
eursf;DEU-NW;RheBru;;Dus;Rheinallee/Rheinkniebrücke Düsseldorf;deunw.rhebrudus;
eursf;NOR;Ring3;;;Oslo Ring 3;nor.ring3;
eursf;DEU-NW;QueSpaUnna;;;Querspange Unna;deunw.quespaunna;
eursf;FRA;D980;;;Rocade Arc-en-Ciel, Toulouse;fra.d980;
eursf;FRA;RocEst;;;Rocade Est du Calais;fra.rocest;
eursf;FRA;D652;;;Rocade Nord Ouest, Lille;fra.d652;
eursf;ESP-VC;CV30;;;Ronda Norte de Valencia;espvc.cv030;
eursf;FRA;D64;;;Route de Luxeuil, Lure;fra.d064;
eursf;ITA;SGCFirLiv;;;S.G.C. Firenze-Pisa-Livorno (Livorno);ita.sgcfirliv;
eursf;ITA;SGCFirPisa;;;S.G.C. Firenze-Pisa-Livorno (Pisa);ita.sgcfirpisa;
eursf;SWE;SalLed;;;Saltsjöbadsleden, Stockholm;swe.salled;
eursf;BGR;SST;;;Severnata Skorostna Tangenta;bgr.sst;
eursf;RUS;SevObeOdi;;;Severny Obkhod Odintsova;rus.sevobeodi;
eursf;RUS;SimSho;;;Simferopolskoe Shosse;rus.simsho;
eursf;SWE;SkaAxvMot;;;Skara - Axvall motorvägen;swe.skaaxvmot;
eursf;RUS;SkoAvt;;;Skorostnaya Avtomobil'naya Doroga Moskva - Sankt Peterburg (Moskva);rus.skoavt;
eursf;RUS;SkoAvt;;VVo;Skorostnaya Avtomobil'naya Doroga Moskva - Sankt Peterburg (Vyshny Volochyok);rus.skoavtvvo;
eursf;SWE;SodHunMot;;;Söderhamn - Hudiksvall motorvägen;swe.sodhunmot;
eursf;SWE;SodVag;;;Södertaljevägen, Stockholm;swe.sodvag;
eursf;SWE;SodLedGot;;;Söderleden, Göteborg;swe.sodledgot;
eursf;DNK;SonMot;;;Sønderborgmotorvejen;dnk.sonmot;
eursf;DNK;SonJysMot;;;Sønderjyske Motorvej;dnk.sonjysmot;
eursf;NOR;SotVei;;;Sotraveien, Bergen;nor.sotvei;
eursf;CZE;SpoSka;;;Spořilovská, Praha;cze.sposka;
eursf;NOR;StaMot;;;Stavanger Motorveien;nor.stamot;
eursf;CZE;SteRad;;;Štěrboholská radiála, Praha;cze.sterad;
eursf;SWE;StoVag;;;Stockholmsvägen, Malmo;swe.stovag;
eursf;NOR;StoBak;;;Storlerbakken, Trondheim;nor.stobak;
eursf;NOR;StrVei;;;Strømsveien, Oslo;nor.strvei;
eursf;DEU-BY;SudTan;;Fur;Südwesttangente Fürth - Nürnberg;deuby.sudtanfur;
eursf;DEU-BW;SudTan;;Kar;Südtangente Karlsruhe;deubw.sudtankar;
eursf;SWE;SunMot;;;Sundsvall motorvägen;swe.sunmot;
eursf;CHE;SupMenSta;;;Superstrada Mendrisio - Stabio;che.supmensta;
eursf;DNK;SveMot;;;Svendborgmotorvejen;dnk.svemot;
eursf;DNK;SydMot;;;Sydmotorvejen;dnk.sydmot;
eursf;FIN;TamKeha;;;Tampereen kehätie;fin.tamkeha;
eursf;ITA;TanMod;;;Tangenziale di Modena;ita.tanmod;
eursf;ITA;TanLodi;;;Tangenziale Est di Lodi;ita.tanlodi;
eursf;DNK;TauMot;;;Taulovmotorvejen;dnk.taumot;
eursf;NLD;TilWeg;;;Tilburgseweg, Eindhoven;nld.tilweg;
eursf;SWE;TofJonMot;;;Toftaholm - Jönköping motorvägen;swe.tofjonmot;
eursf;SWE;TreVag;;;Trelleborgvägen, Malmo;swe.trevag;
eursf;SWE;TroLed;;;Trollhättanleden, Göteborg;swe.troled;
eursf;FRA;TunPra;;;Tunnel du Prado, Marseille;fra.tunpra;
eursf;ENG;TunRd;;;Tunnel Road, Heathrow;eng.tunrd;
eursf;FIN;TuuVay;;;Tuusulanväylä, Helsinki;fin.tuuvay;
eursf;SWE;TyrVag;;;Tyresövägen, Stockholm;swe.tyrvag;
eursf;SWE;UddMot;;;Uddevalla motorvägen;swe.uddmot;
eursf;CHE;UebHin;;;Ueberlandstrasse Hinwil;che.uebhin;
eursf;NOR;UlvSpl;;;Ulvensplitten, Oslo;nor.ulvspl;
eursf;CHE;UmfBaz;;;Umfahrung Bazenheid;che.umfbaz;
eursf;CHE;UmfEbnKap;;;Umfahrung Ebnat-Kappel;che.umfebnkap;
eursf;CHE;UmfLicWat;;;Umfahrung Lichtensteig und Wattwil;che.umflicwat;
eursf;CHE;UmfTeu;;;Umfahrung Teufen;che.umfteu;
eursf;DEU-NW;K3;;;Universitätsstraße Bochum;deunw.k003;
eursf;SWE;UppGavMot;;;Uppsala - Gävle motorvägen;swe.uppgavmot;
eursf;SWE;UppVag;;;Uppsalavägen, Stockholm;swe.uppvag;
eursf;FIN;VaajMoo;;;Vaajakosken moottoritie;fin.vaajmoo;
eursf;FIN;VaasMoo;;;Vaasan moottoritie;fin.vaasmoo;
eursf;ESP-PV;GI11;;;Variante de San Sebastián;esppv.gi011;
eursf;ITA;VarPar;;;Variante di Parma;ita.varpar;
eursf;SWE;VarLed;;;Varmoleden, Stockholm;swe.varled;
eursf;SWE;VasLedGot;;;Västerleden, Göteborg;swe.vasledgot;
eursf;SWE;VasLedOre;;;Västerleden, Örebro;swe.vasledore;
eursf;SWE;VastKustVag;;;Västkustvägen;swe.vastkustvag;
eursf;SWE;VatLed;;;Vätterleden;swe.vatled;
eursf;SWE;VaxMot;;;Växjö motorvägen;swe.vaxmot;
eursf;CZE;VesSpo;;;Vestecká spojka, Praha;cze.vesspo;
eursf;DNK;VestMot;;;Vestmotorvejen;dnk.vestmot;
eursf;LTU;VilKauGre;;;Vilnius - Kaunas Greitkelio;ltu.vilkaugre;
eursf;LTU;VilPanGre;;;Vilnius - Panevezys Greitkelio;ltu.vilpangre;
eursf;FRA;D1;;;Voie Express La Pyrénéenne;fra.d001;
eursf;FRA;D137;;;Voie Express Rennes - St Malo;fra.d137;
eursf;FRA;D902;;;Voie Lactée, Toulouse;fra.d902;
eursf;PRT;VR1;;;Via Rápida 1, Madeira;prt.vr001;
eursf;FRA;D656;;;Voie Rapide Urbane, Roubaix;fra.d656;
eursf;CZE;VysRad;;;Vysočanská radiála, Praha;cze.vysrad;
eursf;NLD;WatWeg;;;Waterlinieweg, Utrecht;nld.watweg;
eursf;NLD;WesVal;;;Westerval, Enschede;nld.wesval;
eursf;SWE;YstVag;;;Ystadvägen, Malmo;swe.ystvag;
eursf;RUS;YuzObk;;;Yuzhniy Obkhod, Nizhny Novgorod;rus.yuzobk;
eursf;RUS;ZSD;;;Zapadnyy Skorostnoy Diametr, Sankt-Peterburg;rus.zsd;ZSDKiv
eursf;DEU-BY;FU6;;;Zirndorfer Straße, Zirndorf;deuby.fu6;
eursf;CHE;ZubHar;;;Zubringer Hardturm, Zurich;che.zubhar;
eursf;CHE;ZubHau;;;Zubringer Hausen;che.zubhau;
eursf;CHE;ZubLet;;;Zubringer Letten, Zurich;che.zublet;ZurLet
eursf;CHE;ZubRhe;;;Zubringer Rheinfelden;che.zubrhe;A861,ZurRhe
eursf;CHE;ZubRuf;;;Zubringer Rüfenacht;che.zubruf;
eursf;CHE;ZubWie;;;Zubringer Wiedikon, Zurich;che.zubwie;