systemName;region;route;banner;abbrev;city;root;altRouteNames
ltuaut;LTU;KauKlaGre;;;Kaunas - Klaipėda Greitkelio;ltu.kauklagre;
ltuaut;LTU;KauMarGre;;;Kaunas - Marijampolė Greitkelio;ltu.kaumargre;
ltuaut;LTU;SiaRadGre;;;Šiauliai - Radviliškis Greitkelio;ltu.siaradgre;
ltuaut;LTU;VilKauGre;;Gri;Vilnius - Kaunas Greitkelio (Grigiškės);ltu.vilkaugregri;
ltuaut;LTU;VilKauGre;;;Vilnius - Kaunas Greitkelio (Žiežmariai);ltu.vilkaugre;
ltuaut;LTU;VilPanGre;;;Vilnius - Panevezys Greitkelio;ltu.vilpangre;
