systemName;region;route;banner;abbrev;city;root;altRouteNames
usausb;FL;US1;Alt;Jac;Jacksonville, FL;fl.us001altjac;
usausb;FL;US1;Bus;StA;St. Augustine, FL;fl.us001bussta;
usausb;GA;US1;Bus;Way;Waycross, GA;ga.us001busway;
usausb;GA;US1;Bus;Swa;Swainsboro, GA;ga.us001busswa;
usausb;GA;US1;Bus;Wad;Wadley, GA;ga.us001buswad;
usausb;GA;US1;Bus;Lou;Louisville, GA;ga.us001buslou;
usausb;SC;US1;Trk;Aik;Aiken, SC;sc.us001trkaik;
usausb;SC;US1;Trk;Che;Cheraw, SC;sc.us001trkche;
usausb;NC;US1;Alt;Wak;Wake Forest, NC;nc.us001altwak;
usausb;NC;US1;Alt;Fra;Franklinton, NC;nc.us001altfra;
usausb;NC;US1;Bus;Vas;Vass, NC;nc.us001busvas;
usausb;NC;US1;Bus;San;Sanford, NC;nc.us001bussan;
usausb;NC;US1;Bus;Hen;Henderson, NC;nc.us001bushen;
usausb;VA;US1;Bus;Fre;Fredericksburg, VA;va.us001busfre;
usausb;DC;US1;Alt;Was;Washington, DC;dc.us001altwas;
usausb;MD;US1;Alt;Was;Washington, DC;md.us001altwas;
usausb;MD;US1;Alt;Bal;Baltimore, MD;md.us001altbal;
usausb;MD;US1;Bus;Bel;Bel Air, MD;md.us001busbel;
usausb;PA;US1;Bus;Pen;Penndel, PA;pa.us001buspen;
usausb;NJ;US1;Bus;Tre;Trenton, NJ;nj.us001bustre;
usausb;NJ;US1;Trk;Jer;Jersey City, NJ;nj.us001trkjer;
usausb;CT;US1;Alt;Sto;Stonington, CT;ct.us001altsto;
usausb;RI;US1;Alt;Pro;Providence, RI;ri.us001altpro;
usausb;RI;US1;Bus;War;Warwick, RI;ri.us001buswar;
usausb;NH;US1;Byp;Por;Portsmouth, NH;nh.us001byppor;
usausb;ME;US1;Alt;Yor;York, ME;me.us001altyor;
usausb;ME;US1;Alt;Por;Portland, ME;me.us001altpor;
usausb;ME;US1;Alt;Roc;Rockland, ME;me.us001altroc;
usausb;ME;US1;Alt;Ban;Bangor, ME;me.us001altban;
usausb;ME;US1;Alt;Mil;Milbridge, ME;me.us001altmil;
usausb;ME;US1;Alt;Mac;Machias, ME;me.us001altmac;
usausb;ME;US1;Alt;For;Fort Fairfield, ME;me.us001altfor;
usausb;ME;US1;Bus;Dam;Damariscotta, ME;me.us001busdam;
usausb;ME;US1;Byp;Por;Portsmouth, NH;me.us001byppor;
usausb;WA;US2;Bus;Cas;Cashmere, WA;wa.us002buscas;
usausb;ND;US2;Bus;Wil;Williston, ND;nd.us002buswil;
usausb;ND;US2;Bus;Min;Minot, ND;nd.us002busmin;
usausb;ND;US2;Bus;GrF;Grand Forks, ND;nd.us002busgrf;
usausb;MN;US2;Bus;EGr;East Grand Forks, MN;mn.us002busegr;
usausb;WI;US2;Trk;Sup;Superior, WI;wi.us002trksup;
usausb;WI;US2;Alt;Ash;Ashland, WI;wi.us002altash;
usausb;MI;US2;Bus;Iro;Ironwood, MI;mi.us002busiro;
usausb;VT;US2;Bus;Mon;Montpelier, VT;vt.us002busmon;
usausb;VT;US2;Trk;StJ;St. Johnsbury, VT;vt.us002trkstj;
usausb;VT;US2;Trk;SSJ;(South) St. Johnsbury, VT;vt.us002trkssj;
usausb;ME;US2;Alt;Oro;Orono, ME;me.us002altoro;
usausb;ME;US2;Alt;Hou;Houlton, ME;me.us002althou;
usausb;NH;US3;Bus;Lac;Laconia, NH;nh.us003buslac;
usausb;VT;US4;Bus;Rut;Rutland, VT;vt.us004busrut;
usausb;VT;US5;Alt;StJ;St. Johnsbury, VT;vt.us005altstj;
usausb;VT;US5;Trk;New;Newport, VT;vt.us005trknew;US5AltNew
usausb;NV;US6;Bus;Ely;Ely, NV;nv.us006busely;
usausb;UT;US6;Bus;Hel;Helper, UT;ut.us006bushel;
usausb;UT;US6;Bus;Pri;Price, UT;ut.us006buspri;
usausb;NE;US6;Bus;Has;Hastings, NE;ne.us006bushas;
usausb;IN;US6;Bus;Hig;Highland, IN;in.us006bushig;
usausb;OH;US6;Alt;Roc;Rocky River, OH;oh.us006altroc;
usausb;OH;US6;Bus;Nap;Napoleon, OH;oh.us006busnap;
usausb;PA;US6;Bus;War;Warren, PA;pa.us006buswar;
usausb;PA;US6;Bus;Tun;Tunkhannock, PA;pa.us006bustun;
usausb;PA;US6;Bus;Scr;Scranton, PA;pa.us006busscr;
usausb;NY;US6;Alt;Gar;Garrison, NY;ny.us006altgar;
usausb;NY;US6;Trk;For;Fort Montgomery, NY;ny.us006trkfor;
usausb;RI;US6;Alt;Joh;Johnston, RI;ri.us006altjoh;
usausb;VT;US7;Alt;Bur;Burlington, VT;vt.us007altbur;
usausb;DE;US9;Bus;Lew;Lewes, DE;de.us009buslew;
usausb;DE;US9;Trk;Geo;Georgetown, DE;de.us009trkgeo;
usausb;NJ;US9;Trk;Jer;Jersey City, NJ;nj.us009trkjer;
usausb;WI;US10;Bus;Nei;Neillsville, WI;wi.us010busnei;
usausb;MI;US10;Bus;Ree;Reed City, MI;mi.us010busree;
usausb;MI;US10;Bus;Cla;Clare, MI;mi.us010buscla;
usausb;MI;US10;Bus;Mid;Midland, MI;mi.us010busmid;
usausb;TN;US11;Bus;Cle;Cleveland, TN;tn.us011buscle;
usausb;VA;US11;Alt;Roa;Roanoke, VA;va.us011altroa;
usausb;VA;US11;Bus;Lex;Lexington, VA;va.us011buslex;
usausb;VA;US11;Bus;Sta;Staunton, VA;va.us011bussta;
usausb;VA;US11;Trk;Bri;Bristol, VA;va.us011trkbri;
usausb;VA;US11;Trk;Sta;Staunton, VA;va.us011trksta;
usausb;TN;US11E;Bus;Gre;Greeneville, TN;tn.us011ebusgre;
usausb;MT;US12;Bus;Mis;Missoula, MT;mt.us012busmis;
usausb;MT;US12;Bus;Hel;Helena, MT;mt.us012bushel;
usausb;WI;US12;Bus;Bar;Baraboo, WI;wi.us012busbar;
usausb;WI;US12;Bus;Sau;Sauk City, WI;wi.us012bussau;
usausb;WI;US12;Bus;Whi;Whitewater, WI;wi.us012buswhi;
usausb;MI;US12;Bus;Yps;Ypsilanti, MI;mi.us012busyps;
usausb;NC;US13;Bus;Bet;Bethel, NC;nc.us013busbet;
usausb;NC;US13;Bus;Win;Windsor, NC;nc.us013buswin;
usausb;VA;US13;Bus;Suf;Suffolk, VA;va.us013bussuf;
usausb;VA;US13;Bus;Che;Cheriton, VA;va.us013busche;
usausb;VA;US13;Bus;Eas;Eastville, VA;va.us013buseas;
usausb;VA;US13;Bus;Exm;Exmore, VA;va.us013busexm;
usausb;VA;US13;Bus;Onl;Onley, VA;va.us013busonl;
usausb;MD;US13;Bus;Poc;Pocomoke City, MD;md.us013buspoc;
usausb;MD;US13;Bus;Sal;Salisbury, MD;md.us013bussal;
usausb;DE;US13;Alt;Woo;Woodside, DE;de.us013altwoo;
usausb;DE;US13;Alt;Dov;Dover, DE;de.us013altdov;
usausb;DE;US13;Bus;Bri;Bridgeville, DE;de.us013busbri;
usausb;DE;US13;Bus;Wil;Wilmington, DE;de.us013buswil;
usausb;WY;US14;Alt;Pow;Powell, WY;wy.us014altpow;
usausb;WY;US14;Bus;She;Sheridan, WY;wy.us014busshe;
usausb;SD;US14;Alt;Dea;Deadwood, SD;sd.us014altdea;
usausb;SD;US14;Byp;Bro;Brookings, SD;sd.us014bypbro;
usausb;SD;US14;Trk;Pie;Pierre, SD;sd.us014trkpie;
usausb;MN;US14;Bus;Dod;Dodge Center, MN;mn.us014busdod;
usausb;SC;US15;Bus;Har;Hartsville, SC;sc.us015bushar;
usausb;NC;US15;Bus;Lau;Laurinburg, NC;nc.us015buslau;
usausb;NC;US15;Bus;Dur;Durham, NC;nc.us015busdur;
usausb;VA;US15;Bus;Key;Keysville, VA;va.us015buskey;
usausb;VA;US15;Bus;Far;Farmville, VA;va.us015busfar;
usausb;VA;US15;Bus;Cul;Culpeper, VA;va.us015buscul;
usausb;VA;US15;Bus;Rem;Remington, VA;va.us015busrem;
usausb;VA;US15;Bus;War;Warrenton, VA;va.us015buswar;
usausb;VA;US15;Bus;Lee;Leesburg, VA;va.us015buslee;
usausb;MD;US15;Bus;Emm;Emmitsburg, MD;md.us015busemm;
usausb;PA;US15;Bus;Get;Gettysburg, PA;pa.us015busget;
usausb;PA;US15;Bus;Man;Mansfield, PA;pa.us015busman;
usausb;WY;US16;Byp;New;Newcastle, WY;wy.us016bypnew;
usausb;SD;US16;Alt;Cus;Custer, SD;sd.us016altcus;
usausb;SD;US16;Trk;Hil;Hill City, SD;sd.us016trkhil;
usausb;SD;US16;Trk;Rap;Rapid City, SD;sd.us016trkrap;
usausb;FL;US17;Trk;Kis;Kissimmee, FL;fl.us017trkkis;
usausb;FL;US17;Trk;Orl;Orlando, FL;fl.us017trkorl;
usausb;SC;US17;Alt;Sum;Summerville, SC;sc.us017altsum;
usausb;SC;US17;AltTrk;Sum;Summerville, SC;sc.us017alttrksum;
usausb;SC;US17;Bus;Myr;Myrtle Beach, SC;sc.us017busmyr;
usausb;NC;US17;Bus;Sha;Shallotte, NC;nc.us017bussha;
usausb;NC;US17;Bus;Bol;Bolivia, NC;nc.us017busbol;
usausb;NC;US17;Bus;Wlm;Wilmington, NC;nc.us017buswlm;
usausb;NC;US17;Bus;Jac;Jacksonville, NC;nc.us017busjac;
usausb;NC;US17;Bus;New;New Bern, NC;nc.us017busnew;
usausb;NC;US17;Bus;Van;Vanceboro, NC;nc.us017busvan;
usausb;NC;US17;Bus;Was;Washington, NC;nc.us017buswas;
usausb;NC;US17;Bus;Wil;Williamston, NC;nc.us017buswil;
usausb;NC;US17;Bus;Ede;Edenton, NC;nc.us017busede;
usausb;NC;US17;Bus;Her;Hertford, NC;nc.us017busher;
usausb;NC;US17;Bus;Eli;Elizabeth City, NC;nc.us017buseli;
usausb;NC;US17;Bus;Sou;South Mills, NC;nc.us017bussou;
usausb;NC;US17;BusTrk;Eli;Elizabeth City, NC;nc.us017bustrkeli;
usausb;NC;US17;Byp;Win;Windsor, NC;nc.us017bypwin;
usausb;NC;US17;Byp;Eli;Elizabeth City, NC;nc.us017bypeli;
usausb;VA;US17;Bus;Che;Chesapeake, VA;va.us017busche;
usausb;VA;US17;Bus;Glo;Gloucester, VA;va.us017busglo;
usausb;VA;US17;Bus;Sal;Saluda, VA;va.us017bussal;
usausb;VA;US17;Bus;Fre;Fredericksburg, VA;va.us017busfre;
usausb;VA;US17;Bus;War;Warrenton, VA;va.us017buswar;
usausb;VA;US17;Bus;Mar;Marshall, VA;va.us017busmar;
usausb;SD;US18;Trk;Hot;Hot Springs, SD;sd.us018trkhot;
usausb;IA;US18;Bus;Mas;Mason City, IA;ia.us018busmas;
usausb;IA;US18;Bus;McG;McGregor, IA;ia.us018busmcg;
usausb;WI;US18;Bus;Ver;Verona, WI;wi.us018busver;
usausb;FL;US19;Alt;StP;St. Petersburg, FL;fl.us019altstp;
usausb;GA;US19;Bus;Alb;Albany, GA;ga.us019busalb;
usausb;GA;US19;Bus;Gri;Griffin, GA;ga.us019busgri;
usausb;GA;US19;Bus;Dah;Dahlonega, GA;ga.us019busdah;
usausb;GA;US19;Byp;Lee;Leesburg, GA;ga.us019byplee;
usausb;NC;US19;Bus;Mur;Murphy, NC;nc.us019busmur;
usausb;NC;US19;Bus;And;Andrews, NC;nc.us019busand;
usausb;NC;US19;Bus;Ash;Asheville, NC;nc.us019busash;
usausb;NC;US19;Bus;Wea;Weaverville, NC;nc.us019buswea;
usausb;NC;US19;Con;Bry;Bryson City, NC;nc.us019conbry;
usausb;NC;US19;Trk;Way;Waynesville, NC;nc.us019trkway;
usausb;VA;US19;Bus;Leb;Lebanon, VA;va.us019busleb;
usausb;VA;US19;Bus;Taz;Tazewell, VA;va.us019bustaz;
usausb;VA;US19;Trk;Bri;Bristol, VA;va.us019trkbri;
usausb;PA;US19;Trk;Pit;Pittsburgh, PA;pa.us019trkpit;
usausb;PA;US19;Trk;Har;Harlansburg, PA;pa.us019trkhar;
usausb;OR;US20;Bus;Tol;Toledo, OR;or.us020bustol;
usausb;ID;US20;Bus;Ida;Idaho Falls, ID;id.us020busida;
usausb;ID;US20;Bus;Rig;Rigby, ID;id.us020busrig;
usausb;ID;US20;Bus;StA;St. Anthony, ID;id.us020bussta;
usausb;WY;US20;Bus;Cas;Casper, WY;wy.us020buscas;
usausb;WY;US20;Bus;Dou;Douglas, WY;wy.us020busdou;
usausb;NE;US20;Bus;SSC;South Sioux City, NE;ne.us020busssc;
usausb;IA;US20;Bus;Sio;Sioux City, IA;ia.us020bussio;
usausb;IA;US20;Bus;For;Fort Dodge, IA;ia.us020busfor;
usausb;IL;US20;Bus;Fre;Freeport, IL;il.us020busfre;
usausb;IL;US20;Bus;Roc;Rockford, IL;il.us020busroc;
usausb;IN;US20;Bus;Sou;South Bend, IN;in.us020bussou;
usausb;OH;US20;Alt;Mau;Maumee, OH;oh.us020altmau;
usausb;OH;US20;Trk;Per;Perrysburg, OH;oh.us020trkper;
usausb;NY;US20;Alt;Gen;Geneseo, NY;ny.us020altgen;
usausb;NY;US20;Trk;Sil;Silver Creek, NY;ny.us020trksil;
usausb;SC;US21;Bus;Bea;Beaufort, SC;sc.us021busbea;
usausb;SC;US21;Bus;Ora;Orangeburg, SC;sc.us021busora;
usausb;SC;US21;Bus;For;Fort Mill, SC;sc.us021busfor;
usausb;SC;US21;Con;Col;Columbia, SC;sc.us021concol;
usausb;NC;US21;Bus;Elg;Elkin, NC;nc.us021buselg;
usausb;PA;US22;Bus;Mon;Monroeville, PA;pa.us022busmon;
usausb;PA;US22;Bus;Lew;Lewistown, PA;pa.us022buslew;
usausb;GA;US23;Bus;Way;Waycross, GA;ga.us023busway;
usausb;GA;US23;Bus;Coc;Cochran, GA;ga.us023buscoc;
usausb;NC;US23;Alt;Mar;Mars Hill, NC;nc.us023altmar;
usausb;NC;US23;Bus;Syl;Sylva, NC;nc.us023bussyl;
usausb;NC;US23;Bus;Way;Waynesville, NC;nc.us023busway;
usausb;NC;US23;Bus;Ash;Asheville, NC;nc.us023busash;
usausb;VA;US23;Bus;Gat;Gate City, VA;va.us023busgat;
usausb;VA;US23;Bus;Nor;Norton, VA;va.us023busnor;
usausb;VA;US23;Bus;Wis;Wise, VA;va.us023buswis;
usausb;VA;US23;Bus;Pou;Pound, VA;va.us023buspou;
usausb;KY;US23;Bus;Ash;Ashland, KY;ky.us023busash;
usausb;KY;US23;Spr;Ash;Ashland, KY;ky.us023sprash;
usausb;KY;US23;Trk;Por;Portsmouth, OH;ky.us023trkpor;
usausb;OH;US23;Bus;Chi;Chillicothe, OH;oh.us023buschi;
usausb;OH;US23;Trk;Por;Portsmouth, OH;oh.us023trkpor;
usausb;MI;US23;Bus;Ann;Ann Arbor, MI;mi.us023busann;
usausb;MI;US23;Bus;Rog;Rogers City, MI;mi.us023busrog;
usausb;CO;US24;Bus;MSp;Manitou Springs, CO;co.us024busmsp;
usausb;KS;US24;Bus;Goo;Goodland, KS;ks.us024busgoo;
usausb;MO;US24;Bus;Par;Paris, MO;mo.us024buspar;
usausb;IL;US24;Bus;Was;Washington, IL;il.us024buswas;
usausb;IN;US24;Bus;Per;Peru, IN;in.us024busper;
usausb;IN;US24;Bus;Wab;Wabash, IN;in.us024buswab;
usausb;MI;US24;Bus;Pon;Pontiac, MI;mi.us024buspon;
usausb;GA;US25;Bus;Aug;Augusta, GA;ga.us025busaug;
usausb;GA;US25;Byp;Sta;Statesboro, GA;ga.us025bypsta;
usausb;GA;US25;Byp;Way;Waynesboro, GA;ga.us025bypway;
usausb;SC;US25;Bus;Aug;Augusta, GA;sc.us025busaug;
usausb;SC;US25;Bus;Gre;Greenwood, SC;sc.us025busgre;
usausb;SC;US25;Bus;War;Ware Shoals, SC;sc.us025buswar;
usausb;SC;US25;Trk;Edg;Edgefield, SC;sc.us025trkedg;
usausb;NC;US25;Alt;Ash;Asheville, NC;nc.us025altash;
usausb;NC;US25;Bus;Hen;Hendersonville, NC;nc.us025bushen;
usausb;NC;US25;Bus;Mar;Marshall, NC;nc.us025busmar;
usausb;KY;US25;Bus;Ric;Richmond, KY;ky.us025busric;
usausb;KY;US25;Bus;Dry;Dry Ridge, KY;ky.us025busdry;
usausb;ID;US26;Bus;Rir;Ririe, ID;id.us026busrir;
usausb;WY;US26;Bus;Cas;Casper, WY;wy.us026buscas;
usausb;WY;US26;Bus;Dou;Douglas, WY;wy.us026busdou;
usausb;FL;US27;Alt;Per;Perry, FL;fl.us027altper;
usausb;GA;US27;Alt;New;Newnan, GA;ga.us027altnew;
usausb;GA;US27;Bus;Att;Attapulus, GA;ga.us027busatt;
usausb;GA;US27;Bus;Bai;Bainbridge, GA;ga.us027busbai;
usausb;GA;US27;Bus;Bla;Blakely, GA;ga.us027busbla;
usausb;GA;US27;Bus;Cut;Cuthbert, GA;ga.us027buscut;
usausb;GA;US27;Bus;Bre;Breman, GA;ga.us027busbre;
usausb;GA;US27;Bus;Buc;Buchanan, GA;ga.us027busbuc;
usausb;GA;US27;Bus;Ced;Cedartown, GA;ga.us027busced;
usausb;GA;US27;Bus;LaF;La Fayette, GA;ga.us027buslaf;
usausb;KY;US27;Bus;Nic;Nicholasville, KY;ky.us027busnic;
usausb;OH;US27;Trk;Cin;Cincinnati, OH;oh.us027trkcin;
usausb;AL;US29;Trk;Uni;Union Springs, AL;al.us029trkuni;
usausb;GA;US29;Alt;Atl;Atlanta, GA;ga.us029altatl;
usausb;GA;US29;Bus;Win;Winder, GA;ga.us029buswin;
usausb;SC;US29;Bus;And;Anderson, SC;sc.us029busand;
usausb;SC;US29;Con;Wil;Williamston, SC;sc.us029conwil;
usausb;NC;US29;Bus;Rei;Reidsville, NC;nc.us029busrei;
usausb;VA;US29;Bus;Dan;Danville, VA;va.us029busdan;
usausb;VA;US29;Bus;Cha;Chatham, VA;va.us029buscha;
usausb;VA;US29;Bus;Gre;Gretna, VA;va.us029busgre;
usausb;VA;US29;Bus;Alt;Altavista, VA;va.us029busalt;
usausb;VA;US29;Bus;Lyn;Lynchburg, VA;va.us029buslyn;
usausb;VA;US29;Bus;Lov;Lovingston, VA;va.us029buslov;
usausb;VA;US29;Bus;Chr;Charlottesville, VA;va.us029buschr;
usausb;VA;US29;Bus;Mad;Madison, VA;va.us029busmad;
usausb;VA;US29;Bus;Cul;Culpeper, VA;va.us029buscul;
usausb;VA;US29;Bus;Rem;Remington, VA;va.us029busrem;
usausb;VA;US29;Bus;War;Warrenton, VA;va.us029buswar;
usausb;OR;US30;Bus;Hun;Huntington, OR;or.us030bushun;
usausb;OR;US30;Bus;Ont;Ontario, OR;or.us030busont;
usausb;OR;US30;Byp;Por;Portland, OR;or.us030byppor;
usausb;WY;US30;Bus;Roc;Rock Springs, WY;wy.us030busroc;
usausb;WY;US30;Bus;Raw;Rawlins, WY;wy.us030busraw;
usausb;WY;US30;Byp;Kem;Kemmerer, WY;wy.us030bypkem;
usausb;NE;US30;Bus;Fre;Fremont, NE;ne.us030busfre;
usausb;IA;US30;Bus;Mar;Marshalltown, IA;ia.us030busmar;
usausb;IA;US30;Bus;Tol;Toledo, IA;ia.us030bustol;
usausb;OH;US30;Alt;Dal;Dalton, OH;oh.us030altdal;
usausb;PA;US30;Bus;Bed;Bedford, PA;pa.us030busbed;
usausb;PA;US30;Bus;Eve;Everett, PA;pa.us030buseve;
usausb;PA;US30;Bus;Dow;Downingtown, PA;pa.us030busdow;
usausb;TN;US31;Alt;Nas;Nashville, TN;tn.us031altnas;
usausb;TN;US31;AltBus;Lew;Lewisburg, TN;tn.us031altbuslew;
usausb;TN;US31;Bus;Fra;Franklin, TN;tn.us031busfra;
usausb;IN;US31;Bus;Per;Peru, IN;in.us031busper;
usausb;IN;US31;Bus;Sou;South Bend, IN;in.us031bussou;
usausb;MI;US31;Bus;Mus;Muskegon, MI;mi.us031busmus;
usausb;MI;US31;Bus;Mon;Montague, MI;mi.us031busmon;
usausb;MI;US31;Bus;Har;Hart, MI;mi.us031bushar;
usausb;MI;US31;Bus;Pen;Pentwater, MI;mi.us031buspen;
usausb;MI;US31;Bus;Lud;Ludington, MI;mi.us031buslud;
usausb;KY;US31E;Bus;Gla;Glasgow, KY;ky.us031ebusgla;
usausb;KY;US31E;Bus;MtW;Mt. Washington, KY;ky.us031ebusmtw;
usausb;KY;US31E;Trk;Bar;Bardstown, KY;ky.us031etrkbar;
usausb;KY;US31W;Bus;WPo;West Point, KY;ky.us031wbuswpo;
usausb;KY;US31W;Byp;Eli;Elizabethtown, KY;ky.us031wbypeli;
usausb;KY;US31W;Trk;Eli;Elizabethtown, KY;ky.us031wtrkeli;
usausb;VA;US33;Bus;Sta;Stanardsville, VA;va.us033bussta;
usausb;VA;US33;Bus;Elk;Elkton, VA;va.us033buselk;
usausb;OH;US33;Bus;Nel;Nelsonville, OH;oh.us033busnel;
usausb;CO;US34;Bus;Est;Estes Park, CO;co.us034busest;
usausb;CO;US34;Bus;Gre;Greeley, CO;co.us034busgre;
usausb;CO;US34;Spr;Bru;Brush, CO;co.us034sprbru;
usausb;IA;US34;Bus;Cha;Chariton, IA;ia.us034buscha;
usausb;IA;US34;Bus;Ott;Ottumwa, IA;ia.us034busott;
usausb;IA;US34;Bus;Fai;Fairfield, IA;ia.us034busfai;
usausb;IA;US34;Bus;MtP;Mount Pleasant, IA;ia.us034busmtp;
usausb;OH;US35;Bus;Jac;Jackson, OH;oh.us035busjac;
usausb;OH;US35;Bus;Xen;Xenia, OH;oh.us035busxen;
usausb;MO;US36;Bus;Cam;Cameron, MO;mo.us036buscam;
usausb;MO;US36;Bus;Ham;Hamilton, MO;mo.us036busham;
usausb;MO;US36;Bus;Chi;Chillicothe, MO;mo.us036buschi;
usausb;MO;US36;Bus;Bro;Brookfield, MO;mo.us036busbro;
usausb;MO;US36;Bus;Mac;Macon, MO;mo.us036busmac;
usausb;MO;US36;Bus;Cla;Clarence, MO;mo.us036buscla;
usausb;MO;US36;Bus;She;Shelbina, MO;mo.us036busshe;
usausb;MO;US36;Bus;Mon;Monroe City, MO;mo.us036busmon;
usausb;MO;US36;Bus;Han;Hannibal, MO;mo.us036bushan;
usausb;OH;US36;Con;Mil;Millwood, OH;oh.us036conmil;
usausb;KS;US40;Bus;WaK;WaKeeney, KS;ks.us040buswak;
usausb;KS;US40;Bus;Jun;Junction City, KS;ks.us040busjun;
usausb;PA;US40;Bus;Bro;Brownsville, PA;pa.us040busbro;
usausb;PA;US40;Bus;Uni;Uniontown, PA;pa.us040busuni;
usausb;MD;US40;Alt;Cum;Cumberland, MD;md.us040altcum;
usausb;MD;US40;Alt;Hag;Hagerstown, MD;md.us040althag;
usausb;MD;US40;Sce;Pin;Piney Grove, MD;md.us040scepin;
usausb;MD;US40;Trk;Bal;Baltimore, MD;md.us040trkbal;
usausb;FL;US41;Bus;For;Fort Myers, FL;fl.us041busfor;
usausb;FL;US41;Bus;Ven;Venice, FL;fl.us041busven;
usausb;FL;US41;Bus;Bra;Bradenton, FL;fl.us041busbra;
usausb;FL;US41;Bus;Tam;Tampa, FL;fl.us041bustam;
usausb;GA;US41;Bus;Val;Valdosta, GA;ga.us041busval;
usausb;GA;US41;Bus;Mac;Macon, GA;ga.us041busmac;
usausb;GA;US41;Bus;Gri;Griffin, GA;ga.us041busgri;
usausb;TN;US41;Alt;Nas;Nashville, TN;tn.us041altnas;
usausb;TN;US41;AltByp;Cla;Clarksville, TN;tn.us041altbypcla;
usausb;KY;US41;Alt;Nas;Nashville, TN;ky.us041altnas;
usausb;KY;US41;Alt;Dix;Dixon, KY;ky.us041altdix;
usausb;KY;US41;Trk;Hop;Hopkinsville, KY;ky.us041trkhop;
usausb;IN;US41;Bus;Vin;Vincennes, IN;in.us041busvin;
usausb;WI;US41;Bus;Oco;Oconto, WI;wi.us041busoco;
usausb;WI;US41;Bus;Pes;Peshtigo, WI;wi.us041buspes;
usausb;OH;US42;Trk;Man;Mansfield, OH;oh.us042trkman;
usausb;MS;US45;Alt;WPt;West Point, MS;ms.us045altwpt;
usausb;TN;US45;Byp;Jac;Jackson, TN;tn.us045bypjac;
usausb;KY;US45;Bus;Pad;Paducah, KY;ky.us045buspad;
usausb;KY;US45;Byp;May;Mayfield, KY;ky.us045bypmay;
usausb;WI;US45;Bus;New;New London, WI;wi.us045busnew;
usausb;TN;US45E;Bus;Mar;Martin, TN;tn.us045ebusmar;
usausb;TN;US45W;Bus;Hum;Humboldt, TN;tn.us045wbushum;
usausb;AR;US49;Bus;Hel;Helena, AR;ar.us049bushel;
usausb;AR;US49;Bus;Bro;Brookland, AR;ar.us049busbro;
usausb;AR;US49;Bus;Par;Paragould, AR;ar.us049buspar;
usausb;AR;US49;Spr;Par;Paragould, AR;ar.us049sprpar;
usausb;CA;US50;Alt;Pol;Pollock Pines, CA;ca.us050altpol;
usausb;NV;US50;Alt;Fer;Fernley, NV;nv.us050altfer;
usausb;NV;US50;Bus;Car;Carson City, NV;nv.us050buscar;
usausb;CO;US50;Bus;Ola;Olathe, CO;co.us050busola;
usausb;CO;US50;Bus;Pue;Pueblo, CO;co.us050buspue;
usausb;KS;US50;Bus;Gar;Garden City, KS;ks.us050busgar;
usausb;MO;US50;Bus;War;Warrensburg, MO;mo.us050buswar;
usausb;MO;US50;Bus;Kno;Knob Noster, MO;mo.us050buskno;
usausb;MO;US50;Bus;Cal;California, MO;mo.us050buscal;
usausb;MO;US50;Bus;Jef;Jefferson City, MO;mo.us050busjef;
usausb;MO;US50;Spr;Smi;Smithton, MO;mo.us050sprsmi;
usausb;IL;US50;Bus;Law;Lawrenceville, IL;il.us050buslaw;
usausb;IN;US50;Bus;Bed;Bedford, IN;in.us050busbed;
usausb;OH;US50;Bus;Bel;Belpre, OH;oh.us050busbel;
usausb;OH;US50;Trk;Cin;Cincinnati, OH;oh.us050trkcin;
usausb;MD;US50;Bus;Sal;Salisbury, MD;md.us050bussal;
usausb;LA;US51;Bus;Ham;Hammond, LA;la.us051busham;
usausb;MS;US51;Spr;Jac;Jackson, MS;ms.us051sprjac;
usausb;TN;US51;Bus;Dye;Dyersburg, TN;tn.us051busdye;
usausb;IL;US51;Bus;Cli;Clinton, IL;il.us051buscli;
usausb;IL;US51;Bus;Blo;Bloomington, IL;il.us051busblo;
usausb;WI;US51;Bus;Ste;Stevens Point, WI;wi.us051busste;
usausb;WI;US51;Bus;Wau;Wausau, WI;wi.us051buswau;
usausb;ND;US52;Bus;Min;Minot, ND;nd.us052busmin;
usausb;ND;US52;Bus;Har;Harvey, ND;nd.us052bushar;
usausb;ND;US52;Byp;Jam;Jamestown, ND;nd.us052bypjam;
usausb;IN;US52;Trk;Rus;Rushville, IN;in.us052trkrus;
usausb;OH;US52;Bus;Iro;Ironton, OH;oh.us052busiro;
usausb;WV;US52;Trk;Wil;Williamson, WV;wv.us052trkwil;
usausb;WV;US52;Trk;Blu;Bluefield, WV;wv.us052trkblu;
usausb;NC;US52;Bus;Mou;Mount Airy, NC;nc.us052busmou;
usausb;NC;US52;Bus;Alb;Albemarle, NC;nc.us052busalb;
usausb;SC;US52;Bus;Dar;Darlington, SC;sc.us052busdar;
usausb;SC;US52;Spr;Cha;Charleston, SC;sc.us052sprcha;
usausb;SC;US52;Trk;Che;Cheraw, SC;sc.us052trkche;
usausb;SC;US52;Trk;Flo;Florence, SC;sc.us052trkflo;
usausb;WI;US53;Bus;Eau;Eau Claire, WI;wi.us053buseau;
usausb;WI;US53;Bus;Sol;Solon Springs, WI;wi.us053bussol;
usausb;WI;US53;Bus;Sup;Superior, WI;wi.us053bussup;
usausb;TX;US54;Bus;ElP;El Paso, TX;tx.us054buselp;
usausb;NM;US54;Bus;Ala;Alamogordo, NM;nm.us054busala;
usausb;NM;US54;Bus;Tuc;Tucumcari, NM;nm.us054bustuc;
usausb;KS;US54;Trk;ElD;El Dorado, KS;ks.us054trkeld;
usausb;MO;US54;Bus;Lak;Lake Ozark, MO;mo.us054buslak;
usausb;MO;US54;Bus;Eld;Eldon, MO;mo.us054buseld;
usausb;MO;US54;Bus;Ful;Fulton, MO;mo.us054busful;
usausb;MO;US54;Bus;Mex;Mexico, MO;mo.us054busmex;
usausb;MO;US54;Bus;Lou;Louisiana, MO;mo.us054buslou;
usausb;KS;US56;Bus;Her;Herington, KS;ks.us056busher;
usausb;VA;US58;Alt;Abi;Abingdon, VA;va.us058altabi;
usausb;VA;US58;Bus;Ewi;Ewing, VA;va.us058busewi;
usausb;VA;US58;Bus;Gat;Gate City, VA;va.us058busgat;
usausb;VA;US58;Bus;Hil;Hillsville, VA;va.us058bushil;
usausb;VA;US58;Bus;Mea;Meadows of Dan, VA;va.us058busmea;
usausb;VA;US58;Bus;Stu;Stuart, VA;va.us058busstu;
usausb;VA;US58;Bus;Mar;Martinsville, VA;va.us058busmar;
usausb;VA;US58;Bus;Dan;Danville, VA;va.us058busdan;
usausb;VA;US58;Bus;Cla;Clarksville, VA;va.us058buscla;
usausb;VA;US58;Bus;Boy;Boydton, VA;va.us058busboy;
usausb;VA;US58;Bus;Sou;South Hill, VA;va.us058bussou;
usausb;VA;US58;Bus;Law;Lawrenceville, VA;va.us058buslaw;
usausb;VA;US58;Bus;Emp;Emporia, VA;va.us058busemp;
usausb;VA;US58;Bus;Cou;Courtland, VA;va.us058buscou;
usausb;VA;US58;Bus;Fra;Franklin, VA;va.us058busfra;
usausb;VA;US58;Bus;Suf;Suffolk, VA;va.us058bussuf;
usausb;VA;US58;Bus;Vir;Virginia Beach, VA;va.us058busvir;
usausb;TX;US59;Bus;Lar;Laredo, TX;tx.us059buslar;
usausb;TX;US59;Bus;Geo;George West, TX;tx.us059busgeo;
usausb;TX;US59;Bus;Vic;Victoria, TX;tx.us059busvic;
usausb;TX;US59;Bus;ElC;El Campo, TX;tx.us059buselc;
usausb;TX;US59;Bus;Wha;Wharton, TX;tx.us059buswha;
usausb;TX;US59;Bus;Spl;Splendora, TX;tx.us059busspl;
usausb;TX;US59;Bus;Liv;Livingston, TX;tx.us059busliv;
usausb;TX;US59;Bus;Luf;Lufkin, TX;tx.us059busluf;
usausb;TX;US59;Bus;Nac;Nacogdoches, TX;tx.us059busnac;
usausb;TX;US59;Bus;Car;Carthage, TX;tx.us059buscar;
usausb;OK;US59;Byp;Pot;Poteau, OK;ok.us059byppot;
usausb;OK;US60;Bus;Ton;Tonkawa, OK;ok.us060buston;
usausb;OK;US60;Bus;Pon;Ponca City, OK;ok.us060buspon;
usausb;OK;US60;Bus;Sen;Seneca, MO;ok.us060bussen;
usausb;MO;US60;Bus;Sen;Seneca, MO;mo.us060bussen;
usausb;MO;US60;Bus;Neo;Neosho, MO;mo.us060busneo;
usausb;MO;US60;Bus;Mon;Monett, MO;mo.us060busmon;
usausb;MO;US60;Bus;Aur;Aurora, MO;mo.us060busaur;
usausb;MO;US60;Bus;Rog;Rogersville, MO;mo.us060busrog;
usausb;MO;US60;Bus;Man;Mansfield, MO;mo.us060busman;
usausb;MO;US60;Bus;Mou;Mountain Grove, MO;mo.us060busmou;
usausb;MO;US60;Bus;Cab;Cabool, MO;mo.us060buscab;
usausb;MO;US60;Bus;Wil;Willow Springs, MO;mo.us060buswil;
usausb;MO;US60;Bus;VBu;Van Buren, MO;mo.us060busvbu;
usausb;MO;US60;Bus;Pop;Poplar Bluff, MO;mo.us060buspop;
usausb;MO;US60;Bus;Dex;Dexter, MO;mo.us060busdex;
usausb;MO;US60;Bus;Sik;Sikeston, MO;mo.us060bussik;
usausb;KY;US60;Alt;Lou;Louisville, KY;ky.us060altlou;
usausb;KY;US60;Bus;Pad;Paducah, KY;ky.us060buspad;
usausb;KY;US60;Bus;Clo;Cloverport, KY;ky.us060busclo;
usausb;KY;US60;Bus;Ver;Versailles, KY;ky.us060busver;
usausb;KY;US60;Byp;Mor;Morganfield, KY;ky.us060bypmor;
usausb;KY;US60;Trk;Win;Winchester, KY;ky.us060trkwin;
usausb;VA;US60;Alt;Nor;Norfolk, VA;va.us060altnor;
usausb;VA;US60;Bus;Cli;Clifton Forge, VA;va.us060buscli;
usausb;VA;US60;Trk;Cli;Clifton Forge, VA;va.us060trkcli;
usausb;VA;US60;Trk;Lex;Lexington, VA;va.us060trklex;
usausb;VA;US60;Trk;Ric;Richmond, VA;va.us060trkric;
usausb;LA;US61;Bus;Bat;Baton Rouge, LA;la.us061busbat;
usausb;MO;US61;Bus;Bow;Bowling Green, MO;mo.us061busbow;
usausb;MO;US61;Bus;NLo;New London, MO;mo.us061busnlo;
usausb;MO;US61;Bus;Han;Hannibal, MO;mo.us061bushan;
usausb;MO;US61;Bus;Pal;Palmyra, MO;mo.us061buspal;
usausb;MO;US61;Bus;LGr;LaGrange, MO;mo.us061buslgr;
usausb;MO;US61;Bus;Can;Canton, MO;mo.us061buscan;
usausb;MO;US61;Spr;NMa;New Madrid, MO;mo.us061sprnma;
usausb;IA;US61;Bus;Keo;Keokuk, IA;ia.us061buskeo;
usausb;IA;US61;Bus;FtM;Fort Madison, IA;ia.us061busftm;
usausb;IA;US61;Bus;Mus;Muscatine, IA;ia.us061busmus;
usausb;IA;US61;Bus;Dav;Davenport, IA;ia.us061busdav;
usausb;IA;US61;Bus;Maq;Maquoketa, IA;ia.us061busmaq;
usausb;OK;US62;Bus;Sny;Snyder, OK;ok.us062bussny;
usausb;OK;US62;Bus;Hen;Henryetta, OK;ok.us062bushen;
usausb;OK;US62;Bus;Mus;Muskogee, OK;ok.us062busmus;
usausb;AR;US62;Bus;Pra;Prairie Grove, AR;ar.us062buspra;
usausb;AR;US62;Bus;Yel;Yellville, AR;ar.us062busyel;
usausb;AR;US62;Bus;Cot;Cotter, AR;ar.us062buscot;
usausb;AR;US62;Bus;Mou;Mountain Home, AR;ar.us062busmou;
usausb;AR;US62;Bus;Sal;Salem, AR;ar.us062bussal;
usausb;AR;US62;Spr;Ber;Berryville, AR;ar.us062sprber;
usausb;AR;US62;Spr;Pya;Pyatt, AR;ar.us062sprpya;
usausb;KY;US62;Trk;Eli;Elizabethtown, KY;ky.us062trkeli;
usausb;KY;US62;Trk;Law;Lawrenceburg, KY;ky.us062trklaw;
usausb;PA;US62;Bus;Sha;Sharon, PA;pa.us062bussha;
usausb;NY;US62;Bus;Nia;Niagara Falls, NY;ny.us062busnia;
usausb;AR;US63;Bus;Her;Hermitage, AR;ar.us063busher;
usausb;AR;US63;Bus;War;Warren, AR;ar.us063buswar;
usausb;AR;US63;Bus;Pin;Pine Bluff, AR;ar.us063buspin;
usausb;AR;US63;Bus;Mar;Marked Tree, AR;ar.us063busmar;
usausb;AR;US63;Bus;Bon;Bono, AR;ar.us063busbon;
usausb;AR;US63;Bus;Hox;Hoxie, AR;ar.us063bushox;
usausb;AR;US63;Bus;Har;Hardy, AR;ar.us063bushar;
usausb;MO;US63;Bus;Tha;Thayer, MO;mo.us063bustha;
usausb;MO;US63;Bus;Wes;West Plains, MO;mo.us063buswes;
usausb;MO;US63;Bus;Wil;Willow Springs, MO;mo.us063buswil;
usausb;MO;US63;Bus;Mob;Moberly, MO;mo.us063busmob;
usausb;MO;US63;Bus;Kir;Kirksville, MO;mo.us063buskir;
usausb;IA;US63;Bus;Ott;Ottumwa, IA;ia.us063busott;
usausb;IA;US63;Bus;NHa;New Hampton, IA;ia.us063busnha;
usausb;NM;US64;Bus;Far;Farmington, NM;nm.us064busfar;
usausb;OK;US64;Bus;Mus;Muskogee, OK;ok.us064busmus;
usausb;AR;US64;Bus;Alm;Alma, AR;ar.us064busalm;
usausb;AR;US64;Bus;Vil;Vilonia, AR;ar.us064busvil;
usausb;AR;US64;Bus;Aug;Augusta, AR;ar.us064busaug;
usausb;AR;US64;Bus;McC;McCrory, AR;ar.us064busmcc;
usausb;AR;US64;Bus;Wyn;Wynne, AR;ar.us064buswyn;
usausb;AR;US64;Bus;Par;Parkin, AR;ar.us064buspar;
usausb;AR;US64;Bus;Ear;Earle, AR;ar.us064busear;
usausb;AR;US64;Bus;Cra;Crawfordsville, AR;ar.us064buscra;
usausb;AR;US64;Spr;Wyn;Wynne, AR;ar.us064sprwyn;
usausb;TN;US64;Bus;Whi;Whiteville, TN;tn.us064buswhi;
usausb;TN;US64;Bus;Sel;Selmer, TN;tn.us064bussel;
usausb;TN;US64;Bus;Fay;Fayetteville, TN;tn.us064busfay;
usausb;TN;US64;Bus;Win;Winchester, TN;tn.us064buswin;
usausb;TN;US64;Byp;Cle;Cleveland, TN;tn.us064bypcle;
usausb;TN;US64;Trk;Sav;Savannah, TN;tn.us064trksav;
usausb;NC;US64;Alt;Spr;Spring Hope, NC;nc.us064altspr;
usausb;NC;US64;Alt;Tar;Tarboro, NC;nc.us064alttar;
usausb;NC;US64;Alt;Bet;Bethel, NC;nc.us064altbet;
usausb;NC;US64;Bus;Hay;Hayesville, NC;nc.us064bushay;
usausb;NC;US64;Bus;Mor;Morgantown, NC;nc.us064busmor;
usausb;NC;US64;Bus;Pit;Pittsboro, NC;nc.us064buspit;
usausb;NC;US64;Bus;Wen;Wendell, NC;nc.us064buswen;
usausb;NC;US64;Bus;Nas;Nashville, NC;nc.us064busnas;
usausb;NC;US64;Bus;Roc;Rocky Mount, NC;nc.us064busroc;
usausb;NC;US64;Bus;Jam;Jamesville, NC;nc.us064busjam;
usausb;NC;US64;Bus;Col;Columbia, NC;nc.us064buscol;
usausb;NC;US64;Byp;Man;Manteo, NC;nc.us064bypman;
usausb;NC;US64;Trk;Hen;Henderson, NC;nc.us064trkhen;
usausb;NC;US64;Trk;Bre;Brevard, NC;nc.us064trkbre;
usausb;NC;US64;Trk;Mor;Morganton, NC;nc.us064trkmor;
usausb;AR;US65;Bus;Pin;Pine Bluff, AR;ar.us065buspin;
usausb;AR;US65;Bus;Con;Conway, AR;ar.us065buscon;
usausb;AR;US65;Bus;Cli;Clinton, AR;ar.us065buscli;
usausb;AR;US65;Bus;Wes;Western Grove, AR;ar.us065buswes;
usausb;AR;US65;Bus;Har;Harrison, AR;ar.us065bushar;
usausb;MO;US65;Bus;Bra;Branson, MO;mo.us065busbra;
usausb;MO;US65;Bus;Oza;Ozark, MO;mo.us065busoza;
usausb;MO;US65;Bus;Spr;Springfield, MO;mo.us065busspr;
usausb;MO;US65;Bus;Mar;Marshall, MO;mo.us065busmar;
usausb;MO;US65;Bus;Car;Carrollton, MO;mo.us065buscar;
usausb;MO;US65;Bus;Tre;Trenton, MO;mo.us065bustre;
usausb;TX;US67;Bus;Pre;Presidio, TX;tx.us067buspre;
usausb;TX;US67;Bus;SAW;(West) San Angelo, TX;tx.us067bussaw;
usausb;TX;US67;Bus;SAE;(East) San Angelo, TX;tx.us067bussae;
usausb;TX;US67;Bus;Dub;Dublin, TX;tx.us067busdub;
usausb;TX;US67;Bus;Cle;Cleburne, TX;tx.us067buscle;
usausb;TX;US67;Bus;Avr;Alvarado, TX;tx.us067busalv;US67BusAvr
usausb;TX;US67;Bus;Sul;Sulphur Springs, TX;tx.us067bussul;
usausb;AR;US67;Bus;Bee;Beebe, AR;ar.us067busbee;
usausb;AR;US67;Bus;Sea;Searcy, AR;ar.us067bussea;
usausb;AR;US67;Bus;Wal;Walnut Ridge, AR;ar.us067buswal;US67BusHox
usausb;AR;US67;Bus;Big;Biggers, AR;ar.us067busbig;
usausb;AR;US67;Bus;Dat;Datto, AR;ar.us067busdat;
usausb;AR;US67;Spr;Wal;Walnut Ridge, AR;ar.us067sprwal;
usausb;MO;US67;Bus;Pop;Poplar Bluff, MO;mo.us067buspop;
usausb;MO;US67;Bus;Gre;Greenville, MO;mo.us067busgre;
usausb;MO;US67;Bus;Fre;Fredericktown, MO;mo.us067busfre;
usausb;MO;US67;Bus;Des;Desloge, MO;mo.us067busdes;
usausb;IL;US67;Bus;Ros;Roseville, IL;il.us067busros;
usausb;KY;US68;Alt;Fai;Fairview, KY;ky.us068altfai;
usausb;KY;US68;Bus;Cad;Cadiz, KY;ky.us068buscad;
usausb;KY;US68;Bus;Elk;Elkton, KY;ky.us068buselk;
usausb;KY;US68;Bus;Rus;Russellville, KY;ky.us068busrus;
usausb;KY;US68;Bus;Aub;Auburn, KY;ky.us068busaub;
usausb;KY;US68;Bus;Bow;Bowling Green, KY;ky.us068busbow;
usausb;KY;US68;Bus;Gla;Glasgow, KY;ky.us068busgla;
usausb;KY;US68;Bus;Par;Paris, KY;ky.us068buspar;
usausb;KY;US68;Bus;Old;Old Washington, KY;ky.us068busold;
usausb;KY;US68;Byp;Hop;Hopkinsville, KY;ky.us068byphop;
usausb;KY;US68;Trk;Gla;Glasgow, KY;ky.us068trkgla;
usausb;TX;US69;Bus;Luf;Lufkin, TX;tx.us069busluf;
usausb;TX;US69;Bus;Gre;Greenville, TX;tx.us069busgre;
usausb;TX;US69;Bus;Tre;Trenton, TX;tx.us069bustre;
usausb;OK;US69;Alt;Bax;Baxter Springs, KS;ok.us069altbax;
usausb;OK;US69;Bus;Dur;Durant, OK;ok.us069busdur;
usausb;OK;US69;Bus;McA;McAlester, OK;ok.us069busmca;
usausb;OK;US69;Bus;Euf;Eufaula, OK;ok.us069buseuf;
usausb;OK;US69;Bus;Che;Checotah, OK;ok.us069busche;
usausb;KS;US69;Alt;Bax;Baxter Springs, KS;ks.us069altbax;
usausb;KS;US69;Bus;Pit;Pittsburg, KS;ks.us069buspit;
usausb;KS;US69;Bus;Arm;Arma, KS;ks.us069busarm;
usausb;MO;US69;Spr;Bet;Bethany, MO;mo.us069sprbet;
usausb;NM;US70;Bus;Ala;Alamogordo, NM;nm.us070busala;
usausb;NM;US70;Trk;Ros;Roswell, NM;nm.us070trkros;
usausb;OK;US70;Bus;Hug;Hugo, OK;ok.us070bushug;
usausb;OK;US70;Byp;Ida;Idabel, OK;ok.us070bypida;
usausb;AR;US70;Bus;DeQ;De Queen, AR;ar.us070busdeq;
usausb;AR;US70;Bus;Gle;Glenwood, AR;ar.us070busgle;
usausb;AR;US70;Bus;Hot;Hot Springs, AR;ar.us070bushot;
usausb;AR;US70;Bus;Lit;Little Rock, AR;ar.us070buslit;
usausb;TN;US70;Alt;Gib;Gibson, TN;tn.us070altgib;
usausb;TN;US70;AltByp;Hum;Humboldt, TN;tn.us070altbyphum;
usausb;TN;US70;Bus;Hun;Huntingdon, TN;tn.us070bushun;
usausb;TN;US70;Bus;Cam;Camden, TN;tn.us070buscam;
usausb;TN;US70;Bus;Dic;Dickson, TN;tn.us070busdic;
usausb;TN;US70;Bus;Leb;Lebanon, TN;tn.us070busleb;
usausb;NC;US70;Alt;Pin;Pine Level, NC;nc.us070altpin;
usausb;NC;US70;Bus;Mar;Marshall, NC;nc.us070busmar;
usausb;NC;US70;Bus;Mor;Morganton, NC;nc.us070busmor;
usausb;NC;US70;Bus;Hil;Hillsborough, NC;nc.us070bushil;
usausb;NC;US70;Bus;Dur;Durham, NC;nc.us070busdur;
usausb;NC;US70;Bus;Smi;Smithfield, NC;nc.us070bussmi;
usausb;NC;US70;Byp;Gol;Goldsboro, NC;nc.us070bypgol;
usausb;NC;US70;Bus;Gol;Goldsboro, NC;nc.us070busgol;
usausb;NC;US70;Bus;Kin;Kinston, NC;nc.us070buskin;
usausb;NC;US70;Byp;Smi;Smithfield, NC;nc.us070bypsmi;
usausb;NC;US70;Trk;Mor;Morganton, NC;nc.us070trkmor;
usausb;AR;US71;Bus;Wal;Waldron, AR;ar.us071buswal;
usausb;AR;US71;Bus;For;Fort Smith, AR;ar.us071busfor;
usausb;AR;US71;Bus;Fay;Fayetteville, AR;ar.us071busfay;
usausb;AR;US71;Spr;Fay;Fayetteville, AR;ar.us071sprfay;
usausb;MO;US71;Bus;And;Anderson, MO;mo.us071busand;
usausb;MO;US71;Bus;Sav;Savannah, MO;mo.us071bussav;
usausb;MO;US71;Bus;Mar;Maryville, MO;mo.us071busmar;
usausb;IA;US71;Bus;Cla;Clarinda, IA;ia.us071buscla;
usausb;IA;US71;Bus;Sto;Storm Lake, IA;ia.us071bussto;
usausb;MN;US71;Bus;Wil;Willmar, MN;mn.us071buswil;
usausb;AL;US72;Alt;Dec;Decatur, AL;al.us072altdec;
usausb;KS;US73;Trk;Lea;Leavenworth, KS;ks.us073trklea;
usausb;NC;US74;Alt;Ash;Asheville, NC;nc.us074altash;
usausb;NC;US74;Alt;Pem;Pembroke, NC;nc.us074altpem;
usausb;NC;US74;Bus;For;Forest City, NC;nc.us074busfor;
usausb;NC;US74;Bus;She;Shelby, NC;nc.us074busshe;
usausb;NC;US74;Bus;Kin;Kings Mountain, NC;nc.us074buskin;
usausb;NC;US74;Bus;Roc;Rockingham, NC;nc.us074busroc;
usausb;NC;US74;Bus;Lau;Laurinburg, NC;nc.us074buslau;
usausb;NC;US74;Bus;Whi;Whiteville, NC;nc.us074buswhi;
usausb;OK;US75;Alt;Tul;Tulsa, OK;ok.us075alttul;
usausb;OK;US75;Bus;Dur;Durant, OK;ok.us075busdur;
usausb;OK;US75;Bus;Hen;Henryetta, OK;ok.us075bushen;
usausb;KS;US75;Bus;Alt;Altoona, KS;ks.us075busalt;
usausb;NE;US75;Bus;Neb;Nebraska City, NE;ne.us075busneb;
usausb;IA;US75;Bus;Sio;Sioux City, IA;ia.us075bussio;
usausb;IA;US75;Bus;LeM;Le Mars, IA;ia.us075buslem;
usausb;SC;US76;Bus;Lau;Laurens, SC;sc.us076buslau;
usausb;SC;US76;Bus;Sum;Sumter, SC;sc.us076bussum;
usausb;SC;US76;Con;Col;Columbia, SC;sc.us076concol;
usausb;SC;US76;Trk;And;Anderson, SC;sc.us076trkand;
usausb;NC;US76;Bus;Whi;Whiteville, NC;nc.us076buswhi;
usausb;TX;US77;Alt;Cue;Cuero, TX;tx.us077altcue;
usausb;TX;US77;Bus;Bro;Brownsville, TX;tx.us077busbro;
usausb;TX;US77;Bus;Har;Harlingen, TX;tx.us077bushar;
usausb;TX;US77;Bus;Ray;Raymondville, TX;tx.us077busray;
usausb;TX;US77;Bus;Kin;Kingsville, TX;tx.us077buskin;
usausb;TX;US77;Bus;Rob;Robstown, TX;tx.us077busrob;
usausb;TX;US77;Bus;Sin;Sinton, TX;tx.us077bussin;
usausb;TX;US77;Bus;Vic;Victoria, TX;tx.us077busvic;
usausb;TX;US77;Bus;Yoa;Yoakum, TX;tx.us077busyoa;
usausb;TX;US77;Bus;Wac;Waco, TX;tx.us077buswac;
usausb;KS;US77;Trk;ElD;El Dorado, KS;ks.us077trkeld;
usausb;AL;US78;Alt;Jas;Jasper, AL;al.us078altjas;
usausb;GA;US78;Bus;Ath;Athens, GA;ga.us078busath;
usausb;GA;US78;Bus;Was;Washington, GA;ga.us078buswas;
usausb;SC;US78;Bus;Bla;Blackville, SC;sc.us078busbla;
usausb;SC;US78;Trk;Aik;Aiken, SC;sc.us078trkaik;
usausb;TX;US79;Bus;Tay;Taylor, TX;tx.us079bustay;
usausb;TX;US79;Bus;Hen;Henderson, TX;tx.us079bushen;
usausb;TX;US79;Bus;Car;Carthage, TX;tx.us079buscar;
usausb;LA;US79;Trk;Min;Minden, LA;la.us079trkmin;
usausb;AR;US79;Bus;Mag;Magnolia, AR;ar.us079busmag;
usausb;AR;US79;Bus;Cam;Camden, AR;ar.us079buscam;
usausb;AR;US79;Bus;Bea;Bearden, AR;ar.us079busbea;
usausb;AR;US79;Bus;Tho;Thornton, AR;ar.us079bustho;
usausb;AR;US79;Bus;For;Fordyce, AR;ar.us079busfor;
usausb;AR;US79;Bus;Pin;Pine Bluff, AR;ar.us079buspin;
usausb;AR;US79;Bus;Stu;Stuttgart, AR;ar.us079busstu;
usausb;AR;US79;Bus;Cla;Clarendon, AR;ar.us079buscla;
usausb;TN;US79;Byp;Hum;Humboldt, TN;tn.us079byphum;
usausb;KY;US79;Trk;Rus;Russellville, KY;ky.us079trkrus;
usausb;LA;US80;Trk;Min;Minden, LA;la.us080trkmin;
usausb;LA;US80;Trk;Gib;Gibsland, LA;la.us080trkgib;
usausb;LA;US80;Trk;Arc;Arcadia, LA;la.us080trkarc;
usausb;AL;US80;Bus;Sel;Selma, AL;al.us080bussel;
usausb;TX;US81;Bus;Rho;Rhome, TX;tx.us081busrho;
usausb;TX;US81;Bus;Dec;Decatur, TX;tx.us081busdec;
usausb;TX;US81;Bus;Alv;Alvord, TX;tx.us081busalv;
usausb;OK;US81;Bus;Rus;Rush Springs, OK;ok.us081busrus;
usausb;KS;US81;Bus;McP;McPherson, KS;ks.us081busmcp;
usausb;ND;US81;Bus;Far;Fargo, ND;nd.us081busfar;
usausb;ND;US81;Bus;GrF;Grand Forks, ND;nd.us081busgrf;
usausb;TX;US82;Bus;Hol;Holiday, TX;tx.us082bushol;
usausb;TX;US82;Bus;Par;Paris, TX;tx.us082buspar;
usausb;TX;US82;Bus;Cla;Clarksville, TX;tx.us082buscla;
usausb;TX;US82;Bus;Ave;Avery, TX;tx.us082busave;
usausb;AR;US82;Bus;Sta;Stamps, AR;ar.us082bussta;
usausb;AR;US82;Bus;Mag;Magnolia, AR;ar.us082busmag;
usausb;AR;US82;Bus;ElD;El Dorado, AR;ar.us082buseld;
usausb;AR;US82;Bus;Mon;Montrose, AR;ar.us082busmon;
usausb;GA;US82;Bus;Alb;Albany, GA;ga.us082busalb;
usausb;TX;US83;Bus;McA;McAllen, TX;tx.us083busmca;
usausb;TX;US83;Bus;SYg;San Ygnacio, TX;tx.us083bussyg;
usausb;TX;US83;Bus;Abi;Abilene, TX;tx.us083busabi;
usausb;KS;US83;Bus;Gar;Garden City, KS;ks.us083busgar;
usausb;SD;US83;Trk;Pie;Pierre, SD;sd.us083trkpie;
usausb;ND;US83;Byp;Min;Minot, ND;nd.us083bypmin;
usausb;TX;US84;Bus;Sla;Slaton, TX;tx.us084bussla;
usausb;TX;US84;Bus;Sny;Snyder, TX;tx.us084bussny;
usausb;TX;US84;Bus;Her;Hermleigh, TX;tx.us084busher;
usausb;TX;US84;Bus;Ros;Roscoe, TX;tx.us084busros;
usausb;TX;US84;Bus;Tea;Teague, TX;tx.us084bustea;
usausb;LA;US84;Bus;Man;Mansfield, LA;la.us084busman;
usausb;AL;US84;Bus;Dot;Dothan, AL;al.us084busdot;
usausb;GA;US84;Bus;Bai;Bainbridge, GA;ga.us084busbai;
usausb;GA;US84;Bus;Tho;Thomasville, GA;ga.us084bustho;
usausb;CO;US85;Bus;For;Fort Lupton, CO;co.us085busfor;
usausb;CO;US85;Bus;Pla;Platteville, CO;co.us085buspla;
usausb;CO;US85;Bus;Gre;Greeley, CO;co.us085busgre;
usausb;WY;US85;Bus;Tor;Torrington, WY;wy.us085bustor;
usausb;SD;US85;Trk;Lea;Lead, SD;sd.us085trklea;
usausb;ND;US85;Bus;Wat;Watford City, ND;nd.us085buswat;
usausb;ND;US85;Bus;Ale;Alexander, ND;nd.us085busale;
usausb;ND;US85;Bus;Wil;Williston, ND;nd.us085buswil;
usausb;ND;US85;Byp;Wil;Williston, ND;nd.us085bypwil;
usausb;TX;US87;Bus;Sto;Stockdale, TX;tx.us087bussto;
usausb;TX;US87;Bus;Boe;Boerne, TX;tx.us087busboe;
usausb;TX;US87;Bus;Com;Comfort, TX;tx.us087buscom;
usausb;TX;US87;Bus;Big;Big Spring, TX;tx.us087busbig;
usausb;TX;US87;Bus;Lam;Lamesa, TX;tx.us087buslam;
usausb;TX;US87;Bus;Dal;Dalhart, TX;tx.us087busdal;
usausb;WY;US87;Bus;Che;Cheyenne, WY;wy.us087busche;
usausb;WY;US87;Bus;Dou;Douglas, WY;wy.us087busdou;
usausb;WY;US87;Bus;Cas;Casper, WY;wy.us087buscas;
usausb;WY;US87;Bus;Buf;Buffalo, WY;wy.us087busbuf;
usausb;WY;US87;Bus;She;Sheridan, WY;wy.us087busshe;
usausb;MT;US87;Byp;Gre;Great Falls, MT;mt.us087bypgre;
usausb;MT;US87;Byp;WGr;W. Great Falls, MT;mt.us087bypwgr;
usausb;AZ;US89;Alt;Fre;Fredonia, AZ;az.us089altfre;
usausb;UT;US89;Alt;Kan;Kanab, UT;ut.us089altkan;
usausb;TX;US90;Alt;Hal;Hallettsville, TX;tx.us090althal;
usausb;TX;US90;Bus;She;Sheldon, TX;tx.us090busshe;
usausb;TX;US90;Bus;Ora;Orange, TX;tx.us090busora;
usausb;LA;US90;Bus;Lak;Lake Charles, LA;la.us090buslak;
usausb;LA;US90;Bus;Laf;Lafayette, LA;la.us090buslaf;
usausb;LA;US90;Bus;Mor;Morgan City, LA;la.us090busmor;
usausb;LA;US90;Bus;New;New Orleans, LA;la.us090busnew;
usausb;FL;US90;Alt;Pen;Pensacola, FL;fl.us090altpen;
usausb;FL;US90;Alt;Jac;Jacksonville, FL;fl.us090altjac;
usausb;FL;US92;Trk;Kis;Kissimmee, FL;fl.us092trkkis;
usausb;FL;US92;Trk;Orl;Orlando, FL;fl.us092trkorl;
usausb;AZ;US93;Trk;Lau;Laughlin, NV;az.us093trklau;
usausb;NV;US93;Alt;Wen;Wendover, NV;nv.us093altwen;
usausb;NV;US93;Bus;Wen;Wendover, NV;nv.us093buswen;
usausb;NV;US93;Trk;Lau;Laughlin, NV;nv.us093trklau;
usausb;UT;US93;Bus;Wen;Wendover, NV;ut.us093buswen;
usausb;ID;US93;Bus;Twi;Twin Falls, ID;id.us093bustwi;
usausb;MT;US93;Alt;Kal;Kalispell, MT;mt.us093altkal;
usausb;MT;US93;Bus;Mis;Missoula, MT;mt.us093busmis;
usausb;NV;US95;Alt;Yer;Yerington, NV;nv.us095altyer;
usausb;NV;US95;Bus;LsV;Las Vegas, NV;nv.us095buslsv;
usausb;NV;US95;Spr;Fer;Fernley, NV;nv.us095sprfer;
usausb;NV;US95;Trk;Haw;Hawthorne, NV;nv.us095trkhaw;
usausb;ID;US95;Bus;Cot;Cottonwood, ID;id.us095buscot;
usausb;ID;US95;Bus;Cra;Craigmont, ID;id.us095buscra;
usausb;ID;US95;Bus;Win;Winchester, ID;id.us095buswin;
usausb;ID;US95;Spr;Pay;Payette, ID;id.us095sprpay;
usausb;ID;US95;Spr;Wei;Weiser, ID;id.us095sprwei;
usausb;OR;US95;Spr;Wei;Weiser, ID;or.us095sprwei;
usausb;TX;US96;Bus;Sil;Silsbee, TX;tx.us096bussil;
usausb;TX;US96;Bus;Bun;Buna, TX;tx.us096busbun;
usausb;OR;US97;Bus;Kla;Klamath Falls, OR;or.us097buskla;
usausb;OR;US97;Bus;Ben;Bend, OR;or.us097busben;
usausb;OR;US97;Bus;Red;Redmond, OR;or.us097busred;
usausb;WA;US97;Alt;Ent;Entiat, WA;wa.us097altent;
usausb;WA;US97;Bus;Cas;Cashmere, WA;wa.us097buscas;
usausb;WA;US97;Bus;Oka;Okanogan, WA;wa.us097busoka;
usausb;WA;US97;Spr;Oro;Orondo, WA;wa.us097sproro;
usausb;AL;US98;Alt;Fai;Fairhope, AL;al.us098altfai;
usausb;AL;US98;Trk;Mob;Mobile, AL;al.us098trkmob;
usausb;FL;US98;Bus;Pen;Pensacola, FL;fl.us098buspen;
usausb;FL;US98;Bus;Pan;Panama City, FL;fl.us098buspan;
usausb;FL;US98;Trk;Bro;Brooksville, FL;fl.us098trkbro;
usausb;CA;US101;Bus;Ven;Ventura, CA;ca.us101busven;
usausb;CA;US101;Bus;SMa;Santa Maria, CA;ca.us101bussma;
usausb;CA;US101;Bus;Arr;Arroyo Grande, CA;ca.us101busarr;
usausb;CA;US101;Bus;Pis;Pismo Beach, CA;ca.us101buspis;
usausb;CA;US101;Bus;Pas;Paso Robles, CA;ca.us101buspas;
usausb;CA;US101;Bus;Kin;King City, CA;ca.us101buskin;
usausb;CA;US101;Bus;Gre;Greenfield, CA;ca.us101busgre;
usausb;CA;US101;Bus;Sol;Soledad, CA;ca.us101bussol;
usausb;CA;US101;Bus;Gon;Gonzales, CA;ca.us101busgon;
usausb;CA;US101;Bus;Sal;Salinas, CA;ca.us101bussal;
usausb;CA;US101;Bus;Gil;Gilroy, CA;ca.us101busgil;
usausb;CA;US101;Bus;Nov;Novato, CA;ca.us101busnov;
usausb;CA;US101;Bus;Pet;Petaluma, CA;ca.us101buspet;
usausb;CA;US101;Bus;SRo;Santa Rosa, CA;ca.us101bussro;
usausb;CA;US101;Bus;Clo;Cloverdale, CA;ca.us101busclo;
usausb;CA;US101;Bus;Uki;Ukiah, CA;ca.us101busuki;
usausb;CA;US101;Bus;Rio;Rio Dell, CA;ca.us101busrio;
usausb;CA;US101;Bus;For;Fortuna, CA;ca.us101busfor;
usausb;CA;US101;Bus;McK;McKinleyville, CA;ca.us101busmck;
usausb;OR;US101;Bus;Ast;Astoria, OR;or.us101busast;
usausb;WA;US101;Alt;Ilw;Ilwaco, WA;wa.us101altilw;
usausb;MD;US113;Bus;Sno;Snow Hill, MD;md.us113bussno;
usausb;NC;US117;Alt;Cal;Calypso, NC;nc.us117altcal;
usausb;NC;US117;Bus;Bur;Burgaw, NC;nc.us117busbur;
usausb;NC;US117;Bus;Gol;Goldsboro, NC;nc.us117busgol;
usausb;NC;US117;Con;Cal;Calypso, NC;nc.us117concal;
usausb;KY;US119;Spr;Wil;Williamson, WV;ky.us119sprwil;
usausb;TN;US127;Alt;Cro;Crossville, TN;tn.us127altcro;
usausb;KY;US127;Bus;Alb;Albany, KY;ky.us127busalb;
usausb;KY;US127;Bus;Jam;Jamestown, KY;ky.us127busjam;
usausb;KY;US127;Byp;Dan;Danville, KY;ky.us127bypdan;
usausb;KY;US127;Byp;Har;Harrodsburg, KY;ky.us127byphar;
usausb;KY;US127;Byp;Law;Lawrenceburg, KY;ky.us127byplaw;
usausb;OH;US127;Trk;Cin;Cincinnati, OH;oh.us127trkcin;
usausb;MI;US127;Bus;Jac;Jackson, MI;mi.us127busjac;
usausb;MI;US127;Bus;StJ;Saint Johns, MI;mi.us127busstj;
usausb;MI;US127;Bus;Ith;Ithaca, MI;mi.us127busith;
usausb;MI;US127;Bus;Alm;Alma, MI;mi.us127busalm;
usausb;MI;US127;Bus;StL;Saint Louis, MI;mi.us127busstl;
usausb;MI;US127;Bus;Mou;Mount Pleasant, MI;mi.us127busmou;
usausb;MI;US127;Bus;Cla;Clare, MI;mi.us127buscla;
usausb;MI;US127;Bus;Har;Harrison, MI;mi.us127bushar;
usausb;GA;US129;Alt;Mac;Macon, GA;ga.us129altmac;
usausb;GA;US129;Bus;Haw;Hawkinsville, GA;ga.us129bushaw;
usausb;GA;US129;Bus;Eat;Eatonton, GA;ga.us129buseat;
usausb;GA;US129;Bus;Wat;Watkinsville, GA;ga.us129buswat;
usausb;GA;US129;Bus;Jef;Jefferson, GA;ga.us129busjef;
usausb;GA;US129;Bus;Gai;Gainesville, GA;ga.us129busgai;
usausb;GA;US129;Byp;Mad;Madison, GA;ga.us129bypmad;
usausb;GA;US129;Trk;Bla;Blairsville, GA;ga.us129trkbla;
usausb;MI;US131;Bus;Con;Constantine, MI;mi.us131buscon;
usausb;MI;US131;Bus;Thr;Three Rivers, MI;mi.us131busthr;
usausb;MI;US131;Bus;Kal;Kalamazoo, MI;mi.us131buskal;
usausb;MI;US131;Bus;Gra;Grand Rapids, MI;mi.us131busgra;
usausb;MI;US131;Bus;Big;Big Rapids, MI;mi.us131busbig;
usausb;MI;US131;Bus;Cad;Cadillac, MI;mi.us131buscad;
usausb;MI;US131;Bus;Man;Manton, MI;mi.us131busman;
usausb;MO;US136;Bus;Alb;Albany, MO;mo.us136busalb;
usausb;MO;US136;Bus;Mem;Memphis, MO;mo.us136busmem;
usausb;MO;US136;Bus;Kah;Kahoka, MO;mo.us136buskah;
usausb;WI;US141;Bus;Col;Coleman, WI;wi.us141buscol;
usausb;KY;US150;Bus;Spr;Springfield, KY;ky.us150busspr;
usausb;KY;US150;Byp;Dan;Danville, KY;ky.us150bypdan;
usausb;KY;US150;Trk;Lou;Louisville, KY;ky.us150trklou;
usausb;KY;US150;Trk;Bar;Bardstown, KY;ky.us150trkbar;
usausb;IA;US151;Bus;Ced;Cedar Rapids, IA;ia.us151busced;
usausb;IA;US151;Bus;Mon;Monticello, IA;ia.us151busmon;
usausb;IA;US151;Bus;Cas;Cascade, IA;ia.us151buscas;
usausb;WI;US151;Bus;Pla;Platteville, WI;wi.us151buspla;
usausb;WI;US151;Bus;Min;Mineral Point, WI;wi.us151busmin;
usausb;WI;US151;Bus;Ver;Verona, WI;wi.us151busver;
usausb;WI;US151;Bus;Sun;Sun Prairie, WI;wi.us151bussun;
usausb;WI;US151;Bus;Col;Columbus, WI;wi.us151buscol;
usausb;WI;US151;Bus;Bea;Beaver Dam, WI;wi.us151busbea;
usausb;WI;US151;Bus;Wau;Waupun, WI;wi.us151buswau;
usausb;NC;US158;Bus;Oxf;Oxford, NC;nc.us158busoxf;
usausb;NC;US158;Bus;Hen;Henderson, NC;nc.us158bushen;US158AltHen
usausb;NC;US158;Bus;War;Warrenton, NC;nc.us158buswar;
usausb;NC;US158;Bus;Mur;Murfreesboro, NC;nc.us158busmur;
usausb;NC;US158;Bus;Gat;Gatesville, NC;nc.us158busgat;
usausb;CO;US160;Bus;Man;Mancos, CO;co.us160busman;
usausb;CO;US160;Bus;Bay;Bayfield, CO;co.us160busbay;
usausb;MO;US160;Bus;Wil;Willard, MO;mo.us160buswil;
usausb;LA;US165;Bus;Ale;Alexandria, LA;la.us165busale;
usausb;LA;US165;Bus;Mon;Monroe, LA;la.us165busmon;
usausb;AR;US165;Bus;Gil;Gillett, AR;ar.us165busgil;
usausb;KS;US166;Bus;Sed;Sedan, KS;ks.us166bussed;
usausb;LA;US167;Bus;Ale;Alexandria, LA;la.us167busale;
usausb;AR;US167;Bus;She;Sheridan, AR;ar.us167busshe;
usausb;AR;US167;Bus;ElD;El Dorado, AR;ar.us167buseld;
usausb;AR;US167;Bus;Tho;Thornton, AR;ar.us167bustho;
usausb;OK;US169;Alt;Now;Nowata, OK;ok.us169altnow;
usausb;KS;US169;Bus;Gar;Garnett, KS;ks.us169busgar;
usausb;MO;US169;Spr;Smi;Smithville, MO;mo.us169sprsmi;
usausb;IA;US169;Bus;For;Fort Dodge, IA;ia.us169busfor;
usausb;LA;US171;Bus;Zwo;Zwolle, LA;la.us171buszwo;
usausb;TX;US175;Bus;Ath;Athens, TX;tx.us175busath;
usausb;TX;US175;Bus;Mab;Mabank, TX;tx.us175busmab;
usausb;TX;US175;Bus;Kem;Kemp, TX;tx.us175buskem;
usausb;SC;US176;Trk;Hol;Holly Hill, SC;sc.us176trkhol;
usausb;SC;US178;Bus;Gre;Greenwood, SC;sc.us178busgre;
usausb;SC;US178;Bus;Ora;Orangeburg, SC;sc.us178busora;
usausb;SC;US178;Trk;And;Anderson, SC;sc.us178trkand;
usausb;TX;US181;Bus;Bee;Beeville, TX;tx.us181busbee;
usausb;TX;US181;Bus;Ken;Kenedy, TX;tx.us181busken;
usausb;TX;US181;Bus;Kar;Karnes City, TX;tx.us181buskar;
usausb;TX;US183;Bus;Gon;Gonzales, TX;tx.us183busgon;
usausb;TX;US183;Bus;Sey;Seymour, TX;tx.us183bussey;
usausb;KS;US183;Byp;Hay;Hays, KS;ks.us183byphay;
usausb;TX;US190;Bus;Cop;Copperas Cove, TX;tx.us190buscop;
usausb;TX;US190;Bus;Kil;Killeen, TX;tx.us190buskil;
usausb;TX;US190;Bus;Hei;Heidenheimer, TX;tx.us190bushei;
usausb;LA;US190;Bus;Bat;Baton Rouge, LA;la.us190busbat;
usausb;LA;US190;Bus;Cov;Covington, LA;la.us190buscov;
usausb;LA;US190;Bus;Sli;Slidell, LA;la.us190bussli;
usausb;AZ;US191;Spr;Bow;Bowie, AZ;az.us191sprbow;
usausb;UT;US191;Bus;Hel;Helper, UT;ut.us191bushel;
usausb;MT;US191;Bus;Lew;Lewiston, MT;mt.us191buslew;
usausb;ID;US195;Spr;Lew;Lewiston, ID;id.us195sprlew;
usausb;WA;US195;Spr;Uni;Uniontown, WA;wa.us195spruni;
usausb;ME;US201;Alt;Sko;Skowhegan, ME;me.us201altsko;
usausb;PA;US202;Bus;Mon;Montgomeryville, PA;pa.us202busmon;
usausb;NY;US202;Alt;Gar;Garrison, NY;ny.us202altgar;
usausb;PA;US209;Trk;Bro;Brodheadsville, PA;pa.us209trkbro;
usausb;PA;US209;Bus;Str;Stroudsburg, PA;pa.us209busstr;
usausb;PA;US209;Trk;Mar;Marshalls Creek, PA;pa.us209trkmar;
usausb;VA;US211;Bus;Lur;Luray, VA;va.us211buslur;
usausb;VA;US211;Bus;Was;Washington, VA;va.us211buswas;
usausb;VA;US211;Bus;War;Warrenton, VA;va.us211buswar;
usausb;IA;US218;Bus;MtP;Mount Pleasant, IA;ia.us218busmtp;
usausb;IA;US218;Bus;Wav;Waverly, IA;ia.us218buswav;
usausb;IA;US218;Bus;Cha;Charles City, IA;ia.us218buscha;
usausb;WV;US219;Trk;Lew;Lewisburg, WV;wv.us219trklew;
usausb;PA;US219;Bus;Mey;Meyersdale, PA;pa.us219busmey;
usausb;PA;US219;Trk;Rid;Ridgway, PA;pa.us219trkrid;
usausb;NY;US219;Bus;Sal;Salamanca, NY;ny.us219bussal;
usausb;NC;US220;Alt;Can;Candor, NC;nc.us220altcan;
usausb;NC;US220;Bus;Ash;Asheboro, NC;nc.us220busash;
usausb;NC;US220;Bus;Mad;Madison, NC;nc.us220busmad;
usausb;VA;US220;Alt;Roa;Roanoke, VA;va.us220altroa;
usausb;VA;US220;Bus;Rid;Ridgeway, VA;va.us220busrid;
usausb;VA;US220;Bus;Mar;Martinsville, VA;va.us220busmar;
usausb;VA;US220;Bus;Roc;Rocky Mount, VA;va.us220busroc;
usausb;VA;US220;Bus;Roa;Roanoke, VA;va.us220busroa;
usausb;VA;US220;Bus;Cli;Clifton Forge, VA;va.us220buscli;
usausb;MD;US220;Trk;Win;Winchester, MD;md.us220trkwin;
usausb;PA;US220;Alt;Mil;Milesburg, PA;pa.us220altmil;
usausb;PA;US220;Bus;Bed;Bedford, PA;pa.us220busbed;
usausb;PA;US220;Bus;Alt;Altoona, PA;pa.us220busalt;
usausb;FL;US221;Trk;Per;Perry, FL;fl.us221trkper;
usausb;GA;US221;Trk;Dou;Douglas, GA;ga.us221trkdou;
usausb;GA;US221;Trk;Haz;Hazlehurst, GA;ga.us221trkhaz;
usausb;SC;US221;Alt;For;Forest City, NC;sc.us221altfor;
usausb;SC;US221;Trk;Lau;Laurens, SC;sc.us221trklau;
usausb;NC;US221;Alt;For;Forest City, NC;nc.us221altfor;
usausb;NC;US221;Bus;Mar;Marion, NC;nc.us221busmar;
usausb;NC;US221;Bus;Jef;Jefferson, NC;nc.us221busjef;
usausb;NC;US221;Trk;Rut;Rutherfordton, NC;nc.us221trkrut;
usausb;NC;US221;Trk;Boo;Boone, NC;nc.us221trkboo;
usausb;VA;US221;Bus;Bed;Bedford, VA;va.us221busbed;
usausb;PA;US222;Bus;Rea;Reading, PA;pa.us222busrea;
usausb;MI;US223;Bus;Adr;Adrian, MI;mi.us223busadr;
usausb;AL;US231;Bus;Dot;Dothan, AL;al.us231busdot;
usausb;TN;US231;Bus;She;Shelbyville, TN;tn.us231busshe;
usausb;KY;US231;Bus;Bow;Bowling Green, KY;ky.us231busbow;
usausb;OH;US250;Bus;New;New Philadelphia, OH;oh.us250busnew;
usausb;WV;US250;Trk;Phi;Phillipi, WV;wv.us250trkphi;
usausb;VA;US250;Bus;Chr;Charlottesville, VA;va.us250buschr;
usausb;VA;US250;Trk;Sta;Staunton, VA;va.us250trksta;
usausb;NC;US258;Bus;Kin;Kinston, NC;nc.us258buskin;
usausb;NC;US258;Bus;Far;Farmville, NC;nc.us258busfar;
usausb;NC;US258;Trk;Sno;Snow Hill, NC;nc.us258trksno;
usausb;VA;US258;Bus;Fra;Franklin, VA;va.us258busfra;
usausb;VA;US258;Bus;Smi;Smithfield, VA;va.us258bussmi;
usausb;VA;US258;BusAlt;Smi;Smithfield, VA;va.us258busaltsmi;
usausb;TX;US259;Bus;Kil;Kilgore, TX;tx.us259buskil;US259BusKlg
usausb;NC;US264;Alt;Wil;Wilson, NC;nc.us264altwil;
usausb;NC;US264;Bus;Bel;Belhaven, NC;nc.us264busbel;
usausb;OK;US270;Bus;Sha;Shawnee, OK;ok.us270bussha;
usausb;OK;US270;Bus;Wew;Wewoka, OK;ok.us270buswew;
usausb;OK;US270;Bus;Hol;Holdenville, OK;ok.us270bushol;
usausb;AR;US270;Bus;Hot;Hot Springs, AR;ar.us270bushot;
usausb;AR;US270;Bus;Mal;Malvern, AR;ar.us270busmal;
usausb;TX;US271;Bus;MtP;Mt. Pleasant, TX;tx.us271busmtp;
usausb;TX;US271;Bus;Bog;Bogata, TX;tx.us271busbog;
usausb;TX;US271;Bus;Dep;Deport, TX;tx.us271busdep;
usausb;TX;US271;Bus;Par;Paris, TX;tx.us271buspar;
usausb;OK;US271;Bus;Hug;Hugo, OK;ok.us271bushug;
usausb;OK;US271;Byp;Pot;Poteau, OK;ok.us271byppot;
usausb;NE;US275;Bus;Fre;Fremont, NE;ne.us275busfre;
usausb;TX;US277;Bus;Eag;Eagle Pass, TX;tx.us277buseag;
usausb;TX;US277;Bus;Sta;Stamford, TX;tx.us277bussta;
usausb;TX;US277;Bus;Has;Haskell, TX;tx.us277bushas;
usausb;TX;US277;Bus;Wei;Weinert, TX;tx.us277buswei;
usausb;TX;US277;Bus;Mun;Munday, TX;tx.us277busmun;
usausb;TX;US277;Bus;Hol;Holliday, TX;tx.us277bushol;
usausb;TX;US277;Bus;Wic;Wichita Falls, TX;tx.us277buswic;US277BusWFl
usausb;TX;US277;Bus;Sey;Seymour, TX;tx.us277bussey;
usausb;TX;US277;Spr;Del;Del Rio, TX;tx.us277sprdel;
usausb;AR;US278;Bus;Hop;Hope, AR;ar.us278bushop;
usausb;AR;US278;Bus;Cam;Camden, AR;ar.us278buscam;
usausb;AR;US278;Bus;War;Warren, AR;ar.us278buswar;
usausb;GA;US278;Bus;Roc;Rockmart, GA;ga.us278busroc;
usausb;GA;US278;Byp;War;Warrenton, GA;ga.us278bypwar;
usausb;SC;US278;Bus;Hil;Hilton Head, SC;sc.us278bushil;
usausb;TX;US281;Alt;Whi;Whitsett, TX;tx.us281altwhi;
usausb;TX;US281;Bus;Edi;Edinburg, TX;tx.us281busedi;
usausb;TX;US281;Bus;Enc;Encino, TX;tx.us281busenc;
usausb;TX;US281;Bus;Fal;Falfurrias, TX;tx.us281busfal;
usausb;TX;US281;Bus;Ali;Alice, TX;tx.us281busali;
usausb;TX;US281;Spr;Hid;Hidalgo, TX;tx.us281sprhid;
usausb;TX;US281;Trk;Lam;Lampasas, TX;tx.us281trklam;
usausb;OK;US281;Bus;Law;Lawton, OK;ok.us281buslaw;
usausb;OK;US281;Spr;Gea;Geary, OK;ok.us281sprgea;
usausb;ND;US281;Byp;Jam;Jamestown, ND;nd.us281bypjam;
usausb;TX;US283;Bus;Sey;Seymour, TX;tx.us283bussey;
usausb;NM;US285;Trk;Ros;Roswell, NM;nm.us285trkros;
usausb;TX;US287;Bus;Grp;Grapeland, TX;tx.us287busgra;US287BusGrp
usausb;TX;US287;Bus;Cor;Corsicana, TX;tx.us287buscor;
usausb;TX;US287;Bus;Enn;Ennis, TX;tx.us287busenn;
usausb;TX;US287;Bus;Wax;Waxahachie, TX;tx.us287buswax;
usausb;TX;US287;Bus;Mid;Midlothian, TX;tx.us287busmid;
usausb;TX;US287;Bus;FtW;Fort Worth, TX;tx.us287busftw;
usausb;TX;US287;Bus;Rho;Rhome, TX;tx.us287busrho;
usausb;TX;US287;Bus;Dec;Decatur, TX;tx.us287busdec;
usausb;TX;US287;Bus;Alv;Alvord, TX;tx.us287busalv;
usausb;TX;US287;Bus;Wic;Wichita Falls, TX;tx.us287buswic;US287BusWFl
usausb;TX;US287;Bus;Ele;Electra, TX;tx.us287busele;
usausb;TX;US287;Bus;Ver;Vernon, TX;tx.us287busver;
usausb;WY;US287;Byp;Raw;Rawlins, WY;wy.us287bypraw;US287BusRaw
usausb;TX;US290;Bus;Bre;Brenham, TX;tx.us290busbre;
usausb;TX;US290;Bus;Hem;Hempstead, TX;tx.us290bushem;
usausb;GA;US301;Bus;Syl;Sylania, GA;ga.us301bussyl;
usausb;GA;US301;Byp;Sta;Statesboro, GA;ga.us301bypsta;
usausb;NC;US301;Bus;Roc;Rocky Mount, NC;nc.us301busroc;
usausb;NC;US301;Bus;Hal;Halifax, NC;nc.us301bushal;
usausb;VA;US301;Alt;Pet;Petersburg, VA;va.us301altpet;
usausb;VA;US301;Bus;Bow;Bowling Green, VA;va.us301busbow;
usausb;NH;US302;Bus;Bar;Bartlett, NH;nh.us302busbar;
usausb;NH;US302;Trk;Lit;Littleton, NH;nh.us302trklit;
usausb;GA;US319;Bus;Mou;Moultrie, GA;ga.us319busmou;
usausb;SC;US321;Bus;Win;Winnsboro, SC;sc.us321buswin;
usausb;SC;US321;Bus;Che;Chester, SC;sc.us321busche;
usausb;SC;US321;Bus;Yor;York, SC;sc.us321busyor;
usausb;NC;US321;Alt;Len;Lenoir, NC;nc.us321altlen;
usausb;NC;US321;Bus;Con;Conover, NC;nc.us321buscon;
usausb;NC;US321;Bus;Blo;Blowing Rock, NC;nc.us321busblo;
usausb;NC;US321;Trk;Boo;Boone, NC;nc.us321trkboo;
usausb;TN;US321;Bus;Gre;Greenville, TN;tn.us321busgre;
usausb;PA;US322;Bus;Sta;State College, PA;pa.us322bussta;
usausb;PA;US322;Bus;Wes;West Chester, PA;pa.us322buswes;
usausb;PA;US322;Trk;Dow;Downingtown, PA;pa.us322trkdow;
usausb;VA;US340;Bus;Lur;Luray, VA;va.us340buslur;
usausb;VA;US340;Trk;Way;Waynesboro, VA;va.us340trkway;
usausb;GA;US341;Bus;Eas;Eastman, GA;ga.us341buseas;
usausb;GA;US341;Bus;Haw;Hawkinsville, GA;ga.us341bushaw;
usausb;GA;US341;Byp;Per;Perry, GA;ga.us341bypper;
usausb;VA;US360;Bus;Key;Keysville, VA;va.us360buskey;
usausb;VA;US360;Bus;Bur;Burkeville, VA;va.us360busbur;
usausb;VA;US360;Bus;Ame;Amelia, VA;va.us360busame;
usausb;VA;US360;Bus;Mec;Mechanicsville, VA;va.us360busmec;
usausb;TX;US377;Bus;Dub;Dublin, TX;tx.us377busdub;
usausb;TX;US377;Bus;Ste;Stephenville, TX;tx.us377busste;
usausb;TX;US377;Bus;Gra;Granbury, TX;tx.us377busgra;
usausb;TX;US377;Bus;Pil;Pilot Point, TX;tx.us377buspil;
usausb;TX;US377;Bus;Tio;Tioga, TX;tx.us377bustio;
usausb;TX;US377;Bus;Col;Collinsville, TX;tx.us377buscol;
usausb;TX;US377;Bus;Whi;Whitesboro, TX;tx.us377buswhi;US377BusWhb
usausb;SC;US378;Bus;Lak;Lake City, SC;sc.us378buslak;
usausb;TX;US380;Bus;Dec;Decatur, TX;tx.us380busdec;
usausb;TX;US380;Bus;Flo;Floyd, TX;tx.us380busflo;
usausb;SD;US385;Trk;Hil;Hill City, SD;sd.us385trkhil;
usausb;CA;US395;Bus;Rid;Ridgecrest, CA;ca.us395busrid;
usausb;NV;US395;Alt;Was;Washoe City, NV;nv.us395altwas;NV429,NV430
usausb;NV;US395;Bus;Car;Carson City, NV;nv.us395buscar;
usausb;NV;US395;Bus;Ren;Reno, NV;nv.us395busren;
usausb;WA;US395;Fut;Spo;Spokane, WA;wa.us395futspo;
usausb;NC;US401;Bus;Lau;Laurinburg, NC;nc.us401buslau;
usausb;NC;US401;Bus;Rae;Raeford, NC;nc.us401busrae;
usausb;NC;US401;Bus;Rol;Rolesville, NC;nc.us401busrol;
usausb;NC;US401;Bus;Fay;Fayetteville, NC;nc.us401busfay;
usausb;AL;US411;Bus;Cen;Centre, AL;al.us411buscen;
usausb;OK;US412;Alt;Loc;Locust Grove, OK;ok.us412altloc;
usausb;OK;US412;Trk;Guy;Guymon, OK;ok.us412trkguy;
usausb;AR;US412;Bus;Hin;Hindsville, AR;ar.us412bushin;
usausb;AR;US412;Bus;Hun;Huntsville, AR;ar.us412bushun;
usausb;AR;US412;Byp;Par;Paragould, AR;ar.us412byppar;
usausb;TN;US412;Bus;Jac;Jackson, TN;tn.us412busjac;
usausb;TN;US412;Bus;Col;Columbia, TN;tn.us412buscol;
usausb;NC;US421;Bus;Wil;Wilkesboro, NC;nc.us421buswil;
usausb;NC;US421;Bus;San;Sanford, NC;nc.us421bussan;
usausb;NC;US421;Trk;Wlm;Wilmington, NC;nc.us421trkwlm;
usausb;NC;US421;Trk;Boo;Boone, NC;nc.us421trkboo;
usausb;VA;US421;Bus;Gat;Gate City, VA;va.us421busgat;
usausb;KY;US421;Bus;Ric;Richmond, KY;ky.us421busric;
usausb;PA;US422;Bus;New;New Castle, PA;pa.us422busnew;
usausb;PA;US422;Bus;Kit;Kittanning, PA;pa.us422buskit;
usausb;PA;US422;Bus;Ind;Indiana, PA;pa.us422busind;
usausb;PA;US422;Bus;Rea;Reading, PA;pa.us422busrea;
usausb;AL;US431;Bus;Dot;Dothan, AL;al.us431busdot;
usausb;TN;US431;Bus;Lew;Lewisburg, TN;tn.us431buslew;
usausb;TN;US431;Bus;Fra;Franklin, TN;tn.us431busfra;
usausb;FL;US441;Trk;Lak;Lake City, FL;fl.us441trklak;
usausb;GA;US441;Bus;Mil;Milledgeville, GA;ga.us441busmil;
usausb;GA;US441;Bus;Eat;Eatonton, GA;ga.us441buseat;
usausb;GA;US441;Bus;Wat;Watkinsville, GA;ga.us441buswat;
usausb;GA;US441;Bus;Com;Commerce, GA;ga.us441buscom;
usausb;GA;US441;Bus;Cla;Clarkesville, GA;ga.us441buscla;
usausb;GA;US441;Byp;Dub;Dublin, GA;ga.us441bypdub;
usausb;GA;US441;Byp;Mad;Madison, GA;ga.us441bypmad;
usausb;GA;US441;Trk;Dou;Douglas, GA;ga.us441trkdou;
usausb;NC;US441;Bus;Fra;Franklin, NC;nc.us441busfra;
usausb;NC;US441;Bus;Che;Cherokee, NC;nc.us441busche;
usausb;KY;US460;Byp;Geo;Georgetown, KY;ky.us460bypgeo;
usausb;VA;US460;Alt;Sal;Salem, VA;va.us460altsal;
usausb;VA;US460;Alt;Nor;Norfolk, VA;va.us460altnor;
usausb;VA;US460;Bus;Gru;Grundy, VA;va.us460busgru;
usausb;VA;US460;Bus;Ric;Richlands, VA;va.us460busric;
usausb;VA;US460;Bus;Taz;Tazewell, VA;va.us460bustaz;
usausb;VA;US460;Bus;Pea;Pearisburg, VA;va.us460buspea;
usausb;VA;US460;Bus;Chr;Christiansburg, VA;va.us460buschr;
usausb;VA;US460;Bus;Bed;Bedford, VA;va.us460busbed;
usausb;VA;US460;Bus;Lyn;Lynchburg, VA;va.us460buslyn;
usausb;VA;US460;Bus;App;Appomattox, VA;va.us460busapp;
usausb;VA;US460;Bus;Pam;Pamplin City, VA;va.us460buspam;
usausb;VA;US460;Bus;Far;Farmville, VA;va.us460busfar;
usausb;VA;US460;Bus;Bur;Burkeville, VA;va.us460busbur;
usausb;VA;US460;Bus;Bla;Blackstone, VA;va.us460busbla;
usausb;VA;US460;Bus;Pet;Petersburg, VA;va.us460buspet;
usausb;VA;US460;Bus;Suf;Suffolk, VA;va.us460bussuf;
usausb;CO;US491;Spr;Cor;Cortez, CO;co.us491sprcor;
usausb;SC;US501;Bus;Con;Conway, SC;sc.us501buscon;
usausb;SC;US501;Bus;Mar;Marion, SC;sc.us501busmar;
usausb;NC;US501;Bus;Lau;Laurinburg, NC;nc.us501buslau;
usausb;NC;US501;Bus;Dur;Durham, NC;nc.us501busdur;
usausb;VA;US501;Bus;Lyn;Lynchburg, VA;va.us501buslyn;
usausb;VA;US501;Bus;Bue;Buena Vista, VA;va.us501busbue;
usausb;VA;US501;Trk;Sou;South Boston, VA;va.us501trksou;
usausb;SC;US521;Bus;And;Andrews, SC;sc.us521busand;
usausb;SC;US521;Bus;Ker;Kershaw, SC;sc.us521busker;
usausb;SC;US521;Bus;Lan;Lancaster, SC;sc.us521buslan;
usausb;SC;US521;Trk;Cam;Camden, SC;sc.us521trkcam;
usausb;VA;US522;Bus;Was;Washington, VA;va.us522buswas;
usausb;SC;US601;Bus;Ker;Kershaw, SC;sc.us601busker;
usausb;SC;US601;Trk;Ora;Orangeburg, SC;sc.us601trkora;
usausb;SC;US601;Trk;Cam;Camden, SC;sc.us601trkcam;
usausb;NC;US601;Bus;Dob;Dobson, NC;nc.us601busdob;
usausb;KY;US641;Bus;Mur;Murray, KY;ky.us641busmur;
usausb;KY;US641;Spr;Ben;Benton, KY;ky.us641sprben;
usausb;SC;US701;Bus;Tab;Tabor City, NC;sc.us701bustab;
usausb;NC;US701;Bus;Tab;Tabor City, NC;nc.us701bustab;
usausb;NC;US701;Bus;Whi;Whiteville, NC;nc.us701buswhi;
usausb;NC;US701;Bus;Cla;Clarkton, NC;nc.us701buscla;
usausb;NC;US701;Bus;Cli;Clinton, NC;nc.us701buscli;
