systemName;route;banner;groupName;roots
usausb;US1;Alt;Jacksonville, FL;fl.us001altjac
usausb;US1;Bus;St. Augustine, FL;fl.us001bussta
usausb;US1;Bus;Waycross, GA;ga.us001busway
usausb;US1;Bus;Swainsboro, GA;ga.us001busswa
usausb;US1;Bus;Wadley, GA;ga.us001buswad
usausb;US1;Bus;Louisville, GA;ga.us001buslou
usausb;US1;Trk;Aiken, SC;sc.us001trkaik
usausb;US1;Trk;Cheraw, SC;sc.us001trkche
usausb;US1;Alt;Wake Forest, NC;nc.us001altwak
usausb;US1;Alt;Franklinton, NC;nc.us001altfra
usausb;US1;Bus;Vass, NC;nc.us001busvas
usausb;US1;Bus;Sanford, NC;nc.us001bussan
usausb;US1;Bus;Henderson, NC;nc.us001bushen
usausb;US1;Bus;Fredericksburg, VA;va.us001busfre
usausb;US1;Alt;Washington, DC;dc.us001altwas,md.us001altwas
usausb;US1;Alt;Baltimore, MD;md.us001altbal
usausb;US1;Bus;Bel Air, MD;md.us001busbel
usausb;US1;Bus;Penndel, PA;pa.us001buspen
usausb;US1;Bus;Trenton, NJ;nj.us001bustre
usausb;US1;Trk;Jersey City, NJ;nj.us001trkjer
usausb;US1;Alt;Stonington, CT;ct.us001altsto
usausb;US1;Alt;Providence, RI;ri.us001altpro
usausb;US1;Bus;Warwick, RI;ri.us001buswar
usausb;US1;Byp;Portsmouth, NH;nh.us001byppor,me.us001byppor
usausb;US1;Alt;York, ME;me.us001altyor
usausb;US1;Alt;Portland, ME;me.us001altpor
usausb;US1;Alt;Rockland, ME;me.us001altroc
usausb;US1;Alt;Bangor, ME;me.us001altban
usausb;US1;Alt;Milbridge, ME;me.us001altmil
usausb;US1;Alt;Machias, ME;me.us001altmac
usausb;US1;Alt;Fort Fairfield, ME;me.us001altfor
usausb;US1;Bus;Damariscotta, ME;me.us001busdam
usausb;US2;Bus;Cashmere, WA;wa.us002buscas
usausb;US2;Bus;Williston, ND;nd.us002buswil
usausb;US2;Bus;Minot, ND;nd.us002busmin
usausb;US2;Bus;Grand Forks, ND;nd.us002busgrf,mn.us002busegr
usausb;US2;Trk;Superior, WI;wi.us002trksup
usausb;US2;Alt;Ashland, WI;wi.us002altash
usausb;US2;Bus;Ironwood, MI;mi.us002busiro
usausb;US2;Bus;Montpelier, VT;vt.us002busmon
usausb;US2;Trk;St. Johnsbury, VT;vt.us002trkstj
usausb;US2;Trk;(South) St. Johnsbury, VT;vt.us002trkssj
usausb;US2;Alt;Orono, ME;me.us002altoro
usausb;US2;Alt;Houlton, ME;me.us002althou
usausb;US3;Bus;Laconia, NH;nh.us003buslac
usausb;US4;Bus;Rutland, VT;vt.us004busrut
usausb;US5;Alt;St. Johnsbury, VT;vt.us005altstj
usausb;US5;Trk;Newport, VT;vt.us005trknew
usausb;US6;Bus;Ely, NV;nv.us006busely
usausb;US6;Bus;Helper, UT;ut.us006bushel
usausb;US6;Bus;Price, UT;ut.us006buspri
usausb;US6;Bus;Hastings, NE;ne.us006bushas
usausb;US6;Bus;Highland, IN;in.us006bushig
usausb;US6;Alt;Rocky River, OH;oh.us006altroc
usausb;US6;Bus;Napoleon, OH;oh.us006busnap
usausb;US6;Bus;Warren, PA;pa.us006buswar
usausb;US6;Bus;Tunkhannock, PA;pa.us006bustun
usausb;US6;Bus;Scranton, PA;pa.us006busscr
usausb;US6;Alt;Garrison, NY;ny.us006altgar
usausb;US6;Trk;Fort Montgomery, NY;ny.us006trkfor
usausb;US6;Alt;Johnston, RI;ri.us006altjoh
usausb;US7;Alt;Burlington, VT;vt.us007altbur
usausb;US9;Bus;Lewes, DE;de.us009buslew
usausb;US9;Trk;Georgetown, DE;de.us009trkgeo
usausb;US9;Trk;Jersey City, NJ;nj.us009trkjer
usausb;US10;Bus;Neillsville, WI;wi.us010busnei
usausb;US10;Bus;Reed City, MI;mi.us010busree
usausb;US10;Bus;Clare, MI;mi.us010buscla
usausb;US10;Bus;Midland, MI;mi.us010busmid
usausb;US11;Bus;Cleveland, TN;tn.us011buscle
usausb;US11;Alt;Roanoke, VA;va.us011altroa
usausb;US11;Bus;Lexington, VA;va.us011buslex
usausb;US11;Bus;Staunton, VA;va.us011bussta
usausb;US11;Trk;Bristol, VA;va.us011trkbri
usausb;US11;Trk;Staunton, VA;va.us011trksta
usausb;US11E;Bus;Greeneville, TN;tn.us011ebusgre
usausb;US12;Bus;Missoula, MT;mt.us012busmis
usausb;US12;Bus;Helena, MT;mt.us012bushel
usausb;US12;Bus;Baraboo, WI;wi.us012busbar
usausb;US12;Bus;Sauk City, WI;wi.us012bussau
usausb;US12;Bus;Whitewater, WI;wi.us012buswhi
usausb;US12;Bus;Ypsilanti, MI;mi.us012busyps
usausb;US13;Bus;Bethel, NC;nc.us013busbet
usausb;US13;Bus;Windsor, NC;nc.us013buswin
usausb;US13;Bus;Suffolk, VA;va.us013bussuf
usausb;US13;Bus;Cheriton, VA;va.us013busche
usausb;US13;Bus;Eastville, VA;va.us013buseas
usausb;US13;Bus;Exmore, VA;va.us013busexm
usausb;US13;Bus;Onley, VA;va.us013busonl
usausb;US13;Bus;Pocomoke City, MD;md.us013buspoc
usausb;US13;Bus;Salisbury, MD;md.us013bussal
usausb;US13;Alt;Woodside, DE;de.us013altwoo
usausb;US13;Alt;Dover, DE;de.us013altdov
usausb;US13;Bus;Bridgeville, DE;de.us013busbri
usausb;US13;Bus;Wilmington, DE;de.us013buswil
usausb;US14;Alt;Powell, WY;wy.us014altpow
usausb;US14;Bus;Sheridan, WY;wy.us014busshe
usausb;US14;Alt;Deadwood, SD;sd.us014altdea
usausb;US14;Byp;Brookings, SD;sd.us014bypbro
usausb;US14;Trk;Pierre, SD;sd.us014trkpie
usausb;US14;Bus;Dodge Center, MN;mn.us014busdod
usausb;US15;Bus;Hartsville, SC;sc.us015bushar
usausb;US15;Bus;Laurinburg, NC;nc.us015buslau
usausb;US15;Bus;Durham, NC;nc.us015busdur
usausb;US15;Bus;Keysville, VA;va.us015buskey
usausb;US15;Bus;Farmville, VA;va.us015busfar
usausb;US15;Bus;Culpeper, VA;va.us015buscul
usausb;US15;Bus;Remington, VA;va.us015busrem
usausb;US15;Bus;Warrenton, VA;va.us015buswar
usausb;US15;Bus;Leesburg, VA;va.us015buslee
usausb;US15;Bus;Emmitsburg, MD;md.us015busemm
usausb;US15;Bus;Gettysburg, PA;pa.us015busget
usausb;US15;Bus;Mansfield, PA;pa.us015busman
usausb;US16;New;Newcastle, WY;wy.us016bypnew
usausb;US16;Alt;Custer, SD;sd.us016altcus
usausb;US16;Trk;Hill City, SD;sd.us016trkhil
usausb;US16;Trk;Rapid City, SD;sd.us016trkrap
usausb;US17;Trk;Kissimmee, FL;fl.us017trkkis
usausb;US17;Trk;Orlando, FL;fl.us017trkorl
usausb;US17;Alt;Summerville, SC;sc.us017altsum
usausb;US17;AltTrk;Summerville, SC;sc.us017alttrksum
usausb;US17;Bus;Myrtle Beach, SC;sc.us017busmyr
usausb;US17;Bus;Shallotte, NC;nc.us017bussha
usausb;US17;Bus;Bolivia, NC;nc.us017busbol
usausb;US17;Bus;Wilmington, NC;nc.us017buswlm
usausb;US17;Bus;Jacksonville, NC;nc.us017busjac
usausb;US17;Bus;New Bern, NC;nc.us017busnew
usausb;US17;Bus;Vanceboro, NC;nc.us017busvan
usausb;US17;Bus;Washington, NC;nc.us017buswas
usausb;US17;Bus;Williamston, NC;nc.us017buswil
usausb;US17;Bus;Edenton, NC;nc.us017busede
usausb;US17;Bus;Hertford, NC;nc.us017busher
usausb;US17;Bus;Elizabeth City, NC;nc.us017buseli
usausb;US17;Bus;South Mills, NC;nc.us017bussou
usausb;US17;BusTrk;Elizabeth City, NC;nc.us017bustrkeli
usausb;US17;Byp;Windsor, NC;nc.us017bypwin
usausb;US17;Byp;Elizabeth City, NC;nc.us017bypeli
usausb;US17;Bus;Chesapeake, VA;va.us017busche
usausb;US17;Bus;Gloucester, VA;va.us017busglo
usausb;US17;Bus;Saluda, VA;va.us017bussal
usausb;US17;Bus;Fredericksburg, VA;va.us017busfre
usausb;US17;Bus;Warrenton, VA;va.us017buswar
usausb;US17;Bus;Marshall, VA;va.us017busmar
usausb;US18;Trk;Hot Springs, SD;sd.us018trkhot
usausb;US18;Bus;Mason City, IA;ia.us018busmas
usausb;US18;Bus;McGregor, IA;ia.us018busmcg
usausb;US18;Bus;Verona, WI;wi.us018busver
usausb;US19;Alt;St. Petersburg, FL;fl.us019altstp
usausb;US19;Bus;Albany, GA;ga.us019busalb
usausb;US19;Bus;Griffin, GA;ga.us019busgri
usausb;US19;Bus;Dahlonega, GA;ga.us019busdah
usausb;US19;Byp;Leesburg, GA;ga.us019byplee
usausb;US19;Bus;Murphy, NC;nc.us019busmur
usausb;US19;Bus;Andrews, NC;nc.us019busand
usausb;US19;Bus;Asheville, NC;nc.us019busash
usausb;US19;Bus;Weaverville, NC;nc.us019buswea
usausb;US19;Con;Bryson City, NC;nc.us019conbry
usausb;US19;Trk;Waynesville, NC;nc.us019trkway
usausb;US19;Bus;Lebanon, VA;va.us019busleb
usausb;US19;Bus;Tazewell, VA;va.us019bustaz
usausb;US19;Trk;Bristol, VA;va.us019trkbri
usausb;US19;Trk;Pittsburgh, PA;pa.us019trkpit
usausb;US19;Trk;Harlansburg, PA;pa.us019trkhar
usausb;US20;Bus;Toledo, OR;or.us020bustol
usausb;US20;Bus;Idaho Falls, ID;id.us020busida
usausb;US20;Bus;Rigby, ID;id.us020busrig
usausb;US20;Bus;St. Anthony, ID;id.us020bussta
usausb;US20;Bus;Casper, WY;wy.us020buscas
usausb;US20;Bus;Douglas, WY;wy.us020busdou
usausb;US20;Bus;South Sioux City, NE;ne.us020busssc,ia.us020bussio
usausb;US20;Bus;Fort Dodge, IA;ia.us020busfor
usausb;US20;Bus;Freeport, IL;il.us020busfre
usausb;US20;Bus;Rockford, IL;il.us020busroc
usausb;US20;Bus;South Bend, IN;in.us020bussou
usausb;US20;Alt;Maumee, OH;oh.us020altmau
usausb;US20;Trk;Perrysburg, OH;oh.us020trkper
usausb;US20;Alt;Geneseo, NY;ny.us020altgen
usausb;US20;Trk;Silver Creek, NY;ny.us020trksil
usausb;US21;Bus;Beaufort, SC;sc.us021busbea
usausb;US21;Bus;Orangeburg, SC;sc.us021busora
usausb;US21;Bus;Fort Mill, SC;sc.us021busfor
usausb;US21;Con;Columbia, SC;sc.us021concol
usausb;US21;Bus;Elkin, NC;nc.us021buselg
usausb;US22;Bus;Monroeville, PA;pa.us022busmon
usausb;US22;Bus;Lewistown, PA;pa.us022buslew
usausb;US23;Bus;Waycross, GA;ga.us023busway
usausb;US23;Bus;Cochran, GA;ga.us023buscoc
usausb;US23;Alt;Mars Hill, NC;nc.us023altmar
usausb;US23;Bus;Sylva, NC;nc.us023bussyl
usausb;US23;Bus;Waynesville, NC;nc.us023busway
usausb;US23;Bus;Asheville, NC;nc.us023busash
usausb;US23;Bus;Gate City, VA;va.us023busgat
usausb;US23;Bus;Norton, VA;va.us023busnor
usausb;US23;Bus;Wise, VA;va.us023buswis
usausb;US23;Bus;Pound, VA;va.us023buspou
usausb;US23;Bus;Ashland, KY;ky.us023busash
usausb;US23;Spr;Ashland, KY;ky.us023sprash
usausb;US23;Trk;Portsmouth, OH;ky.us023trkpor,oh.us023trkpor
usausb;US23;Bus;Chillicothe, OH;oh.us023buschi
usausb;US23;Bus;Ann Arbor, MI;mi.us023busann
usausb;US23;Bus;Rogers City, MI;mi.us023busrog
usausb;US24;Bus;Manitou Springs, CO;co.us024busmsp
usausb;US24;Bus;Goodland, KS;ks.us024busgoo
usausb;US24;Bus;Paris, MO;mo.us024buspar
usausb;US24;Bus;Washington, IL;il.us024buswas
usausb;US24;Bus;Peru, IN;in.us024busper
usausb;US24;Bus;Wabash, IN;in.us024buswab
usausb;US24;Bus;Pontiac, MI;mi.us024buspon
usausb;US25;Bus;Augusta, GA;ga.us025busaug,sc.us025busaug
usausb;US25;Byp;Statesboro, GA;ga.us025bypsta
usausb;US25;Byp;Waynesboro, GA;ga.us025bypway
usausb;US25;Bus;Greenwood, SC;sc.us025busgre
usausb;US25;Bus;Ware Shoals, SC;sc.us025buswar
usausb;US25;Trk;Edgefield, SC;sc.us025trkedg
usausb;US25;Alt;Asheville, NC;nc.us025altash
usausb;US25;Bus;Hendersonville, NC;nc.us025bushen
usausb;US25;Bus;Marshall, NC;nc.us025busmar
usausb;US25;Bus;Richmond, KY;ky.us025busric
usausb;US25;Bus;Dry Ridge, KY;ky.us025busdry
usausb;US26;Bus;Ririe, ID;id.us026busrir
usausb;US26;Bus;Casper, WY;wy.us026buscas
usausb;US26;Bus;Douglas, WY;wy.us026busdou
usausb;US27;Alt;Perry, FL;fl.us027altper
usausb;US27;Alt;Newnan, GA;ga.us027altnew
usausb;US27;Bus;Attapulus, GA;ga.us027busatt
usausb;US27;Bus;Bainbridge, GA;ga.us027busbai
usausb;US27;Bus;Blakely, GA;ga.us027busbla
usausb;US27;Bus;Cuthbert, GA;ga.us027buscut
usausb;US27;Bus;Breman, GA;ga.us027busbre
usausb;US27;Bus;Buchanan, GA;ga.us027busbuc
usausb;US27;Bus;Cedartown, GA;ga.us027busced
usausb;US27;Bus;La Fayette, GA;ga.us027buslaf
usausb;US27;Bus;Nicholasville, KY;ky.us027busnic
usausb;US27;Trk;Cincinnati, OH;oh.us027trkcin
usausb;US29;Trk;Union Springs, AL;al.us029trkuni
usausb;US29;Alt;Atlanta, GA;ga.us029altatl
usausb;US29;Bus;Winder, GA;ga.us029buswin
usausb;US29;Bus;Anderson, SC;sc.us029busand
usausb;US29;Con;Williamston, SC;sc.us029conwil
usausb;US29;Bus;Reidsville, NC;nc.us029busrei
usausb;US29;Bus;Danville, VA;va.us029busdan
usausb;US29;Bus;Chatham, VA;va.us029buscha
usausb;US29;Bus;Gretna, VA;va.us029busgre
usausb;US29;Bus;Altavista, VA;va.us029busalt
usausb;US29;Bus;Lynchburg, VA;va.us029buslyn
usausb;US29;Bus;Lovingston, VA;va.us029buslov
usausb;US29;Bus;Charlottesville, VA;va.us029buschr
usausb;US29;Bus;Madison, VA;va.us029busmad
usausb;US29;Bus;Culpeper, VA;va.us029buscul
usausb;US29;Bus;Remington, VA;va.us029busrem
usausb;US29;Bus;Warrenton, VA;va.us029buswar
usausb;US30;Bus;Huntington, OR;or.us030bushun
usausb;US30;Bus;Ontario, OR;or.us030busont
usausb;US30;Byp;Portland, OR;or.us030byppor
usausb;US30;Bus;Rock Springs, WY;wy.us030busroc
usausb;US30;Bus;Rawlins, WY;wy.us030busraw
usausb;US30;Byp;Kemmerer, WY;wy.us030bypkem
usausb;US30;Bus;Fremont, NE;ne.us030busfre
usausb;US30;Bus;Marshalltown, IA;ia.us030busmar
usausb;US30;Bus;Toledo, IA;ia.us030bustol
usausb;US30;Alt;Dalton, OH;oh.us030altdal
usausb;US30;Bus;Bedford, PA;pa.us030busbed
usausb;US30;Bus;Everett, PA;pa.us030buseve
usausb;US30;Bus;Downingtown, PA;pa.us030busdow
usausb;US31;Alt;Nashville, TN;tn.us031altnas
usausb;US31;AltBus;Lewisburg, TN;tn.us031altbuslew
usausb;US31;Bus;Franklin, TN;tn.us031busfra
usausb;US31;Bus;Peru, IN;in.us031busper
usausb;US31;Bus;South Bend, IN;in.us031bussou
usausb;US31;Bus;Muskegon, MI;mi.us031busmus
usausb;US31;Bus;Montague, MI;mi.us031busmon
usausb;US31;Bus;Hart, MI;mi.us031bushar
usausb;US31;Bus;Pentwater, MI;mi.us031buspen
usausb;US31;Bus;Ludington, MI;mi.us031buslud
usausb;US31E;Bus;Glasgow, KY;ky.us031ebusgla
usausb;US31E;Bus;Mt. Washington, KY;ky.us031ebusmtw
usausb;US31E;Trk;Bardstown, KY;ky.us031etrkbar
usausb;US31W;Bus;West Point, KY;ky.us031wbuswpo
usausb;US31W;Byp;Elizabethtown, KY;ky.us031wbypeli
usausb;US31W;Trk;Elizabethtown, KY;ky.us031wtrkeli
usausb;US33;Bus;Stanardsville, VA;va.us033bussta
usausb;US33;Bus;Elkton, VA;va.us033buselk
usausb;US33;Bus;Nelsonville, OH;oh.us033busnel
usausb;US34;Bus;Estes Park, CO;co.us034busest
usausb;US34;Bus;Greeley, CO;co.us034busgre
usausb;US34;Spr;Brush, CO;co.us034sprbru
usausb;US34;Bus;Chariton, IA;ia.us034buscha
usausb;US34;Bus;Ottumwa, IA;ia.us034busott
usausb;US34;Bus;Fairfield, IA;ia.us034busfai
usausb;US34;Bus;Mount Pleasant, IA;ia.us034busmtp
usausb;US35;Bus;Jackson, OH;oh.us035busjac
usausb;US35;Bus;Xenia, OH;oh.us035busxen
usausb;US36;Bus;Cameron, MO;mo.us036buscam
usausb;US36;Bus;Hamilton, MO;mo.us036busham
usausb;US36;Bus;Chillicothe, MO;mo.us036buschi
usausb;US36;Bus;Brookfield, MO;mo.us036busbro
usausb;US36;Bus;Macon, MO;mo.us036busmac
usausb;US36;Bus;Clarence, MO;mo.us036buscla
usausb;US36;Bus;Shelbina, MO;mo.us036busshe
usausb;US36;Bus;Monroe City, MO;mo.us036busmon
usausb;US36;Bus;Hannibal, MO;mo.us036bushan
usausb;US36;Con;Millwood, OH;oh.us036conmil
usausb;US40;Bus;WaKeeney, KS;ks.us040buswak
usausb;US40;Bus;Junction City, KS;ks.us040busjun
usausb;US40;Bus;Brownsville, PA;pa.us040busbro
usausb;US40;Bus;Uniontown, PA;pa.us040busuni
usausb;US40;Alt;Cumberland, MD;md.us040altcum
usausb;US40;Alt;Hagerstown, MD;md.us040althag
usausb;US40;Sce;Piney Grove, MD;md.us040scepin
usausb;US40;Trk;Baltimore, MD;md.us040trkbal
usausb;US41;Bus;Fort Myers, FL;fl.us041busfor
usausb;US41;Bus;Venice, FL;fl.us041busven
usausb;US41;Bus;Bradenton, FL;fl.us041busbra
usausb;US41;Bus;Tampa, FL;fl.us041bustam
usausb;US41;Bus;Valdosta, GA;ga.us041busval
usausb;US41;Bus;Macon, GA;ga.us041busmac
usausb;US41;Bus;Griffin, GA;ga.us041busgri
usausb;US41;Alt;Nashville, TN;tn.us041altnas,ky.us041altnas
usausb;US41;AltByp;Clarksville, TN;tn.us041altbypcla
usausb;US41;Alt;Dixon, KY;ky.us041altdix
usausb;US41;Trk;Hopkinsville, KY;ky.us041trkhop
usausb;US41;Bus;Vincennes, IN;in.us041busvin
usausb;US41;Bus;Oconto, WI;wi.us041busoco
usausb;US41;Bus;Peshtigo, WI;wi.us041buspes
usausb;US42;Trk;Mansfield, OH;oh.us042trkman
usausb;US45;Alt;West Point, MS;ms.us045altwpt
usausb;US45;Byp;Jackson, TN;tn.us045bypjac
usausb;US45;Bus;Paducah, KY;ky.us045buspad
usausb;US45;Byp;Mayfield, KY;ky.us045bypmay
usausb;US45;Bus;New London, WI;wi.us045busnew
usausb;US45E;Bus;Martin, TN;tn.us045ebusmar
usausb;US45W;Bus;Humboldt, TN;tn.us045wbushum
usausb;US49;Bus;Helena, AR;ar.us049bushel
usausb;US49;Bus;Brookland, AR;ar.us049busbro
usausb;US49;Bus;Paragould, AR;ar.us049buspar
usausb;US49;Spr;Paragould, AR;ar.us049sprpar
usausb;US50;Alt;Pollock Pines, CA;ca.us050altpol
usausb;US50;Alt;Fernley, NV;nv.us050altfer
usausb;US50;Bus;Carson City, NV;nv.us050buscar
usausb;US50;Bus;Olathe, CO;co.us050busola
usausb;US50;Bus;Pueblo, CO;co.us050buspue
usausb;US50;Bus;Garden City, KS;ks.us050busgar
usausb;US50;Bus;Warrensburg, MO;mo.us050buswar
usausb;US50;Bus;Knob Noster, MO;mo.us050buskno
usausb;US50;Bus;California, MO;mo.us050buscal
usausb;US50;Bus;Jefferson City, MO;mo.us050busjef
usausb;US50;Spr;Smithton, MO;mo.us050sprsmi
usausb;US50;Bus;Lawrenceville, IL;il.us050buslaw
usausb;US50;Bus;Bedford, IN;in.us050busbed
usausb;US50;Bus;Belpre, OH;oh.us050busbel
usausb;US50;Trk;Cincinnati, OH;oh.us050trkcin
usausb;US50;Bus;Salisbury, MD;md.us050bussal
usausb;US51;Bus;Hammond, LA;la.us051busham
usausb;US51;Spr;Jackson, MS;ms.us051sprjac
usausb;US51;Bus;Dyersburg, TN;tn.us051busdye
usausb;US51;Bus;Clinton, IL;il.us051buscli
usausb;US51;Bus;Bloomington, IL;il.us051busblo
usausb;US51;Bus;Stevens Point, WI;wi.us051busste
usausb;US51;Bus;Wausau, WI;wi.us051buswau
usausb;US52;Bus;Minot, ND;nd.us052busmin
usausb;US52;Bus;Harvey, ND;nd.us052bushar
usausb;US52;Byp;Jamestown, ND;nd.us052bypjam
usausb;US52;Trk;Rushville, IN;in.us052trkrus
usausb;US52;Bus;Ironton, OH;oh.us052busiro
usausb;US52;Trk;Williamson, WV;wv.us052trkwil
usausb;US52;Trk;Bluefield, WV;wv.us052trkblu
usausb;US52;Bus;Mount Airy, NC;nc.us052busmou
usausb;US52;Bus;Albemarle, NC;nc.us052busalb
usausb;US52;Bus;Darlington, SC;sc.us052busdar
usausb;US52;Spr;Charleston, SC;sc.us052sprcha
usausb;US52;Trk;Cheraw, SC;sc.us052trkche
usausb;US52;Trk;Florence, SC;sc.us052trkflo
usausb;US53;Bus;Eau Claire, WI;wi.us053buseau
usausb;US53;Bus;Solon Springs, WI;wi.us053bussol
usausb;US53;Bus;Superior, WI;wi.us053bussup
usausb;US54;Bus;El Paso, TX;tx.us054buselp
usausb;US54;Bus;Alamogordo, NM;nm.us054busala
usausb;US54;Bus;Tucumcari, NM;nm.us054bustuc
usausb;US54;Trk;El Dorado, KS;ks.us054trkeld
usausb;US54;Bus;Lake Ozark, MO;mo.us054buslak
usausb;US54;Bus;Eldon, MO;mo.us054buseld
usausb;US54;Bus;Fulton, MO;mo.us054busful
usausb;US54;Bus;Mexico, MO;mo.us054busmex
usausb;US54;Bus;Louisiana, MO;mo.us054buslou
usausb;US56;Bus;Herington, KS;ks.us056busher
usausb;US58;Alt;Abingdon, VA;va.us058altabi
usausb;US58;Bus;Ewing, VA;va.us058busewi
usausb;US58;Bus;Gate City, VA;va.us058busgat
usausb;US58;Bus;Hillsville, VA;va.us058bushil
usausb;US58;Bus;Meadows of Dan, VA;va.us058busmea
usausb;US58;Bus;Stuart, VA;va.us058busstu
usausb;US58;Bus;Martinsville, VA;va.us058busmar
usausb;US58;Bus;Danville, VA;va.us058busdan
usausb;US58;Bus;Clarksville, VA;va.us058buscla
usausb;US58;Bus;Boydton, VA;va.us058busboy
usausb;US58;Bus;South Hill, VA;va.us058bussou
usausb;US58;Bus;Lawrenceville, VA;va.us058buslaw
usausb;US58;Bus;Emporia, VA;va.us058busemp
usausb;US58;Bus;Courtland, VA;va.us058buscou
usausb;US58;Bus;Franklin, VA;va.us058busfra
usausb;US58;Bus;Suffolk, VA;va.us058bussuf
usausb;US58;Bus;Virginia Beach, VA;va.us058busvir
usausb;US59;Bus;Laredo, TX;tx.us059buslar
usausb;US59;Bus;George West, TX;tx.us059busgeo
usausb;US59;Bus;Victoria, TX;tx.us059busvic
usausb;US59;Bus;El Campo, TX;tx.us059buselc
usausb;US59;Bus;Wharton, TX;tx.us059buswha
usausb;US59;Bus;Splendora, TX;tx.us059busspl
usausb;US59;Bus;Livingston, TX;tx.us059busliv
usausb;US59;Bus;Lufkin, TX;tx.us059busluf
usausb;US59;Bus;Nacogdoches, TX;tx.us059busnac
usausb;US59;Bus;Carthage, TX;tx.us059buscar
usausb;US59;Byp;Poteau, OK;ok.us059byppot
usausb;US60;Bus;Tonkawa, OK;ok.us060buston
usausb;US60;Bus;Ponca City, OK;ok.us060buspon
usausb;US60;Bus;Seneca, MO;ok.us060bussen,mo.us060bussen
usausb;US60;Bus;Neosho, MO;mo.us060busneo
usausb;US60;Bus;Monett, MO;mo.us060busmon
usausb;US60;Bus;Aurora, MO;mo.us060busaur
usausb;US60;Bus;Rogersville, MO;mo.us060busrog
usausb;US60;Bus;Mansfield, MO;mo.us060busman
usausb;US60;Bus;Mountain Grove, MO;mo.us060busmou
usausb;US60;Bus;Cabool, MO;mo.us060buscab
usausb;US60;Bus;Willow Springs, MO;mo.us060buswil
usausb;US60;Bus;Van Buren, MO;mo.us060busvbu
usausb;US60;Bus;Poplar Bluff, MO;mo.us060buspop
usausb;US60;Bus;Dexter, MO;mo.us060busdex
usausb;US60;Bus;Sikeston, MO;mo.us060bussik
usausb;US60;Alt;Louisville, KY;ky.us060altlou
usausb;US60;Bus;Paducah, KY;ky.us060buspad
usausb;US60;Bus;Cloverport, KY;ky.us060busclo
usausb;US60;Bus;Versailles, KY;ky.us060busver
usausb;US60;Byp;Morganfield, KY;ky.us060bypmor
usausb;US60;Trk;Winchester, KY;ky.us060trkwin
usausb;US60;Alt;Norfolk, VA;va.us060altnor
usausb;US60;Bus;Clifton Forge, VA;va.us060buscli
usausb;US60;Trk;Clifton Forge, VA;va.us060trkcli
usausb;US60;Trk;Lexington, VA;va.us060trklex
usausb;US60;Trk;Richmond, VA;va.us060trkric
usausb;US61;Bus;Baton Rouge, LA;la.us061busbat
usausb;US61;Bus;Bowling Green, MO;mo.us061busbow
usausb;US61;Bus;New London, MO;mo.us061busnlo
usausb;US61;Bus;Hannibal, MO;mo.us061bushan
usausb;US61;Bus;Palmyra, MO;mo.us061buspal
usausb;US61;Bus;LaGrange, MO;mo.us061buslgr
usausb;US61;Bus;Canton, MO;mo.us061buscan
usausb;US61;Spr;New Madrid, MO;mo.us061sprnma
usausb;US61;Bus;Keokuk, IA;ia.us061buskeo
usausb;US61;Bus;Fort Madison, IA;ia.us061busftm
usausb;US61;Bus;Muscatine, IA;ia.us061busmus
usausb;US61;Bus;Davenport, IA;ia.us061busdav
usausb;US61;Bus;Maquoketa, IA;ia.us061busmaq
usausb;US62;Bus;Snyder, OK;ok.us062bussny
usausb;US62;Bus;Henryetta, OK;ok.us062bushen
usausb;US62;Bus;Muskogee, OK;ok.us062busmus
usausb;US62;Bus;Prairie Grove, AR;ar.us062buspra
usausb;US62;Bus;Yellville, AR;ar.us062busyel
usausb;US62;Bus;Cotter, AR;ar.us062buscot
usausb;US62;Bus;Mountain Home, AR;ar.us062busmou
usausb;US62;Bus;Salem, AR;ar.us062bussal
usausb;US62;Spr;Berryville, AR;ar.us062sprber
usausb;US62;Spr;Pyatt, AR;ar.us062sprpya
usausb;US62;Trk;Elizabethtown, KY;ky.us062trkeli
usausb;US62;Trk;Lawrenceburg, KY;ky.us062trklaw
usausb;US62;Bus;Sharon, PA;pa.us062bussha
usausb;US62;Bus;Niagara Falls, NY;ny.us062busnia
usausb;US63;Bus;Hermitage, AR;ar.us063busher
usausb;US63;Bus;Warren, AR;ar.us063buswar
usausb;US63;Bus;Pine Bluff, AR;ar.us063buspin
usausb;US63;Bus;Marked Tree, AR;ar.us063busmar
usausb;US63;Bus;Bono, AR;ar.us063busbon
usausb;US63;Bus;Hoxie, AR;ar.us063bushox
usausb;US63;Bus;Hardy, AR;ar.us063bushar
usausb;US63;Bus;Thayer, MO;mo.us063bustha
usausb;US63;Bus;West Plains, MO;mo.us063buswes
usausb;US63;Bus;Willow Springs, MO;mo.us063buswil
usausb;US63;Bus;Moberly, MO;mo.us063busmob
usausb;US63;Bus;Kirksville, MO;mo.us063buskir
usausb;US63;Bus;Ottumwa, IA;ia.us063busott
usausb;US63;Bus;New Hampton, IA;ia.us063busnha
usausb;US64;Bus;Farmington, NM;nm.us064busfar
usausb;US64;Bus;Muskogee, OK;ok.us064busmus
usausb;US64;Bus;Alma, AR;ar.us064busalm
usausb;US64;Bus;Vilonia, AR;ar.us064busvil
usausb;US64;Bus;Augusta, AR;ar.us064busaug
usausb;US64;Bus;McCrory, AR;ar.us064busmcc
usausb;US64;Bus;Wynne, AR;ar.us064buswyn
usausb;US64;Bus;Parkin, AR;ar.us064buspar
usausb;US64;Bus;Earle, AR;ar.us064busear
usausb;US64;Bus;Crawfordsville, AR;ar.us064buscra
usausb;US64;Spr;Wynne, AR;ar.us064sprwyn
usausb;US64;Bus;Whiteville, TN;tn.us064buswhi
usausb;US64;Bus;Selmer, TN;tn.us064bussel
usausb;US64;Bus;Fayetteville, TN;tn.us064busfay
usausb;US64;Bus;Winchester, TN;tn.us064buswin
usausb;US64;Byp;Cleveland, TN;tn.us064bypcle
usausb;US64;Trk;Savannah, TN;tn.us064trksav
usausb;US64;Alt;Spring Hope, NC;nc.us064altspr
usausb;US64;Alt;Tarboro, NC;nc.us064alttar
usausb;US64;Alt;Bethel, NC;nc.us064altbet
usausb;US64;Bus;Hayesville, NC;nc.us064bushay
usausb;US64;Bus;Morgantown, NC;nc.us064busmor
usausb;US64;Bus;Pittsboro, NC;nc.us064buspit
usausb;US64;Bus;Wendell, NC;nc.us064buswen
usausb;US64;Bus;Nashville, NC;nc.us064busnas
usausb;US64;Bus;Rocky Mount, NC;nc.us064busroc
usausb;US64;Bus;Jamesville, NC;nc.us064busjam
usausb;US64;Bus;Columbia, NC;nc.us064buscol
usausb;US64;Byp;Manteo, NC;nc.us064bypman
usausb;US64;Trk;Henderson, NC;nc.us064trkhen
usausb;US64;Trk;Brevard, NC;nc.us064trkbre
usausb;US64;Trk;Morganton, NC;nc.us064trkmor
usausb;US65;Bus;Pine Bluff, AR;ar.us065buspin
usausb;US65;Bus;Conway, AR;ar.us065buscon
usausb;US65;Bus;Clinton, AR;ar.us065buscli
usausb;US65;Bus;Western Grove, AR;ar.us065buswes
usausb;US65;Bus;Harrison, AR;ar.us065bushar
usausb;US65;Bus;Branson, MO;mo.us065busbra
usausb;US65;Bus;Ozark, MO;mo.us065busoza
usausb;US65;Bus;Springfield, MO;mo.us065busspr
usausb;US65;Bus;Marshall, MO;mo.us065busmar
usausb;US65;Bus;Carrollton, MO;mo.us065buscar
usausb;US65;Bus;Trenton, MO;mo.us065bustre
usausb;US67;Bus;Presidio, TX;tx.us067buspre
usausb;US67;Bus;(West) San Angelo, TX;tx.us067bussaw
usausb;US67;Bus;(East) San Angelo, TX;tx.us067bussae
usausb;US67;Bus;Dublin, TX;tx.us067busdub
usausb;US67;Bus;Cleburne, TX;tx.us067buscle
usausb;US67;Bus;Alvarado, TX;tx.us067busalv
usausb;US67;Bus;Sulphur Springs, TX;tx.us067bussul
usausb;US67;Bus;Beebe, AR;ar.us067busbee
usausb;US67;Bus;Searcy, AR;ar.us067bussea
usausb;US67;Bus;Walnut Ridge, AR;ar.us067buswal
usausb;US67;Bus;Biggers, AR;ar.us067busbig
usausb;US67;Bus;Datto, AR;ar.us067busdat
usausb;US67;Spr;Walnut Ridge, AR;ar.us067sprwal
usausb;US67;Bus;Poplar Bluff, MO;mo.us067buspop
usausb;US67;Bus;Greenville, MO;mo.us067busgre
usausb;US67;Bus;Fredericktown, MO;mo.us067busfre
usausb;US67;Bus;Desloge, MO;mo.us067busdes
usausb;US67;Bus;Roseville, IL;il.us067busros
usausb;US68;Alt;Fairview, KY;ky.us068altfai
usausb;US68;Bus;Cadiz, KY;ky.us068buscad
usausb;US68;Bus;Elkton, KY;ky.us068buselk
usausb;US68;Bus;Russellville, KY;ky.us068busrus
usausb;US68;Bus;Auburn, KY;ky.us068busaub
usausb;US68;Bus;Bowling Green, KY;ky.us068busbow
usausb;US68;Bus;Glasgow, KY;ky.us068busgla
usausb;US68;Bus;Paris, KY;ky.us068buspar
usausb;US68;Bus;Old Washington, KY;ky.us068busold
usausb;US68;Byp;Hopkinsville, KY;ky.us068byphop
usausb;US68;Trk;Glasgow, KY;ky.us068trkgla
usausb;US69;Bus;Lufkin, TX;tx.us069busluf
usausb;US69;Bus;Greenville, TX;tx.us069busgre
usausb;US69;Bus;Trenton, TX;tx.us069bustre
usausb;US69;Alt;Baxter Springs, KS;ok.us069altbax,ks.us069altbax
usausb;US69;Bus;Durant, OK;ok.us069busdur
usausb;US69;Bus;McAlester, OK;ok.us069busmca
usausb;US69;Bus;Eufaula, OK;ok.us069buseuf
usausb;US69;Bus;Checotah, OK;ok.us069busche
usausb;US69;Bus;Pittsburg, KS;ks.us069buspit
usausb;US69;Bus;Arma, KS;ks.us069busarm
usausb;US69;Spr;Bethany, MO;mo.us069sprbet
usausb;US70;Bus;Alamogordo, NM;nm.us070busala
usausb;US70;Trk;Roswell, NM;nm.us070trkros
usausb;US70;Bus;Hugo, OK;ok.us070bushug
usausb;US70;Byp;Idabel, OK;ok.us070bypida
usausb;US70;Bus;De Queen, AR;ar.us070busdeq
usausb;US70;Bus;Glenwood, AR;ar.us070busgle
usausb;US70;Bus;Hot Springs, AR;ar.us070bushot
usausb;US70;Bus;Little Rock, AR;ar.us070buslit
usausb;US70;Alt;Gibson, TN;tn.us070altgib
usausb;US70;AltByp;Humboldt, TN;tn.us070altbyphum
usausb;US70;Bus;Huntingdon, TN;tn.us070bushun
usausb;US70;Bus;Camden, TN;tn.us070buscam
usausb;US70;Bus;Dickson, TN;tn.us070busdic
usausb;US70;Bus;Lebanon, TN;tn.us070busleb
usausb;US70;Alt;Pine Level, NC;nc.us070altpin
usausb;US70;Bus;Marshall, NC;nc.us070busmar
usausb;US70;Bus;Morganton, NC;nc.us070busmor
usausb;US70;Bus;Hillsborough, NC;nc.us070bushil
usausb;US70;Bus;Durham, NC;nc.us070busdur
usausb;US70;Bus;Smithfield, NC;nc.us070bussmi
usausb;US70;Byp;Goldsboro, NC;nc.us070bypgol
usausb;US70;Bus;Goldsboro, NC;nc.us070busgol
usausb;US70;Bus;Kinston, NC;nc.us070buskin
usausb;US70;Byp;Smithfield, NC;nc.us070bypsmi
usausb;US70;Trk;Morganton, NC;nc.us070trkmor
usausb;US71;Bus;Waldron, AR;ar.us071buswal
usausb;US71;Bus;Fort Smith, AR;ar.us071busfor
usausb;US71;Bus;Fayetteville, AR;ar.us071busfay
usausb;US71;Spr;Fayetteville, AR;ar.us071sprfay
usausb;US71;Bus;Anderson, MO;mo.us071busand
usausb;US71;Bus;Savannah, MO;mo.us071bussav
usausb;US71;Bus;Maryville, MO;mo.us071busmar
usausb;US71;Bus;Clarinda, IA;ia.us071buscla
usausb;US71;Bus;Storm Lake, IA;ia.us071bussto
usausb;US71;Bus;Willmar, MN;mn.us071buswil
usausb;US72;Alt;Decatur, AL;al.us072altdec
usausb;US73;Trk;Leavenworth, KS;ks.us073trklea
usausb;US74;Alt;Asheville, NC;nc.us074altash
usausb;US74;Alt;Pembroke, NC;nc.us074altpem
usausb;US74;Bus;Forest City, NC;nc.us074busfor
usausb;US74;Bus;Shelby, NC;nc.us074busshe
usausb;US74;Bus;Kings Mountain, NC;nc.us074buskin
usausb;US74;Bus;Rockingham, NC;nc.us074busroc
usausb;US74;Bus;Laurinburg, NC;nc.us074buslau
usausb;US74;Bus;Whiteville, NC;nc.us074buswhi
usausb;US75;Alt;Tulsa, OK;ok.us075alttul
usausb;US75;Bus;Durant, OK;ok.us075busdur
usausb;US75;Bus;Henryetta, OK;ok.us075bushen
usausb;US75;Bus;Altoona, KS;ks.us075busalt
usausb;US75;Bus;Nebraska City, NE;ne.us075busneb
usausb;US75;Bus;Sioux City, IA;ia.us075bussio
usausb;US75;Bus;Le Mars, IA;ia.us075buslem
usausb;US76;Bus;Laurens, SC;sc.us076buslau
usausb;US76;Bus;Sumter, SC;sc.us076bussum
usausb;US76;Con;Columbia, SC;sc.us076concol
usausb;US76;Trk;Anderson, SC;sc.us076trkand
usausb;US76;Bus;Whiteville, NC;nc.us076buswhi
usausb;US77;Alt;Cuero, TX;tx.us077altcue
usausb;US77;Bus;Brownsville, TX;tx.us077busbro
usausb;US77;Bus;Harlingen, TX;tx.us077bushar
usausb;US77;Bus;Raymondville, TX;tx.us077busray
usausb;US77;Bus;Kingsville, TX;tx.us077buskin
usausb;US77;Bus;Robstown, TX;tx.us077busrob
usausb;US77;Bus;Sinton, TX;tx.us077bussin
usausb;US77;Bus;Victoria, TX;tx.us077busvic
usausb;US77;Bus;Yoakum, TX;tx.us077busyoa
usausb;US77;Bus;Waco, TX;tx.us077buswac
usausb;US77;Trk;El Dorado, KS;ks.us077trkeld
usausb;US78;Alt;Jasper, AL;al.us078altjas
usausb;US78;Bus;Athens, GA;ga.us078busath
usausb;US78;Bus;Washington, GA;ga.us078buswas
usausb;US78;Bus;Blackville, SC;sc.us078busbla
usausb;US78;Trk;Aiken, SC;sc.us078trkaik
usausb;US79;Bus;Taylor, TX;tx.us079bustay
usausb;US79;Bus;Henderson, TX;tx.us079bushen
usausb;US79;Bus;Carthage, TX;tx.us079buscar
usausb;US79;Trk;Minden, LA;la.us079trkmin
usausb;US79;Bus;Magnolia, AR;ar.us079busmag
usausb;US79;Bus;Camden, AR;ar.us079buscam
usausb;US79;Bus;Bearden, AR;ar.us079busbea
usausb;US79;Bus;Thornton, AR;ar.us079bustho
usausb;US79;Bus;Fordyce, AR;ar.us079busfor
usausb;US79;Bus;Pine Bluff, AR;ar.us079buspin
usausb;US79;Bus;Stuttgart, AR;ar.us079busstu
usausb;US79;Bus;Clarendon, AR;ar.us079buscla
usausb;US79;Byp;Humboldt, TN;tn.us079byphum
usausb;US79;Trk;Russellville, KY;ky.us079trkrus
usausb;US80;Trk;Minden, LA;la.us080trkmin
usausb;US80;Trk;Gibsland, LA;la.us080trkgib
usausb;US80;Trk;Arcadia, LA;la.us080trkarc
usausb;US80;Bus;Selma, AL;al.us080bussel
usausb;US81;Bus;Rhome, TX;tx.us081busrho
usausb;US81;Bus;Decatur, TX;tx.us081busdec
usausb;US81;Bus;Alvord, TX;tx.us081busalv
usausb;US81;Bus;Rush Springs, OK;ok.us081busrus
usausb;US81;Bus;McPherson, KS;ks.us081busmcp
usausb;US81;Bus;Fargo, ND;nd.us081busfar
usausb;US81;Bus;Grand Forks, ND;nd.us081busgrf
usausb;US82;Bus;Holiday, TX;tx.us082bushol
usausb;US82;Bus;Paris, TX;tx.us082buspar
usausb;US82;Bus;Clarksville, TX;tx.us082buscla
usausb;US82;Bus;Avery, TX;tx.us082busave
usausb;US82;Bus;Stamps, AR;ar.us082bussta
usausb;US82;Bus;Magnolia, AR;ar.us082busmag
usausb;US82;Bus;El Dorado, AR;ar.us082buseld
usausb;US82;Bus;Montrose, AR;ar.us082busmon
usausb;US82;Bus;Albany, GA;ga.us082busalb
usausb;US83;Bus;McAllen, TX;tx.us083busmca
usausb;US83;Bus;San Ygnacio, TX;tx.us083bussyg
usausb;US83;Bus;Abilene, TX;tx.us083busabi
usausb;US83;Bus;Garden City, KS;ks.us083busgar
usausb;US83;Trk;Pierre, SD;sd.us083trkpie
usausb;US83;Byp;Minot, ND;nd.us083bypmin
usausb;US84;Bus;Slaton, TX;tx.us084bussla
usausb;US84;Bus;Snyder, TX;tx.us084bussny
usausb;US84;Bus;Hermleigh, TX;tx.us084busher
usausb;US84;Bus;Roscoe, TX;tx.us084busros
usausb;US84;Bus;Teague, TX;tx.us084bustea
usausb;US84;Bus;Mansfield, LA;la.us084busman
usausb;US84;Bus;Dothan, AL;al.us084busdot
usausb;US84;Bus;Bainbridge, GA;ga.us084busbai
usausb;US84;Bus;Thomasville, GA;ga.us084bustho
usausb;US85;Bus;Fort Lupton, CO;co.us085busfor
usausb;US85;Bus;Platteville, CO;co.us085buspla
usausb;US85;Bus;Greeley, CO;co.us085busgre
usausb;US85;Bus;Torrington, WY;wy.us085bustor
usausb;US85;Trk;Lead, SD;sd.us085trklea
usausb;US85;Bus;Watford City, ND;nd.us085buswat
usausb;US85;Bus;Alexander, ND;nd.us085busale
usausb;US85;Bus;Williston, ND;nd.us085buswil
usausb;US85;Byp;Williston, ND;nd.us085bypwil
usausb;US87;Bus;Stockdale, TX;tx.us087bussto
usausb;US87;Bus;Boerne, TX;tx.us087busboe
usausb;US87;Bus;Comfort, TX;tx.us087buscom
usausb;US87;Bus;Big Spring, TX;tx.us087busbig
usausb;US87;Bus;Lamesa, TX;tx.us087buslam
usausb;US87;Bus;Dalhart, TX;tx.us087busdal
usausb;US87;Bus;Cheyenne, WY;wy.us087busche
usausb;US87;Bus;Douglas, WY;wy.us087busdou
usausb;US87;Bus;Casper, WY;wy.us087buscas
usausb;US87;Bus;Buffalo, WY;wy.us087busbuf
usausb;US87;Bus;Sheridon, WY;wy.us087busshe
usausb;US87;Byp;Great Falls, MT;mt.us087bypgre
usausb;US87;Byp;W. Great Falls, MT;mt.us087bypwgr
usausb;US89;Alt;Fredonia, AZ;az.us089altfre,ut.us089altkan
usausb;US90;Alt;Hallettsville, TX;tx.us090althal
usausb;US90;Bus;Sheldon, TX;tx.us090busshe
usausb;US90;Bus;Orange, TX;tx.us090busora
usausb;US90;Bus;Lake Charles, LA;la.us090buslak
usausb;US90;Bus;Lafayette, LA;la.us090buslaf
usausb;US90;Bus;Morgan City, LA;la.us090busmor
usausb;US90;Bus;New Orleans, LA;la.us090busnew
usausb;US90;Alt;Pensacola, FL;fl.us090altpen
usausb;US90;Alt;Jacksonville, FL;fl.us090altjac
usausb;US92;Trk;Kissimmee, FL;fl.us092trkkis
usausb;US92;Trk;Orlando, FL;fl.us092trkorl
usausb;US93;Trk;Laughlin, NV;az.us093trklau,nv.us093trklau
usausb;US93;Alt;Wendover, NV;nv.us093altwen
usausb;US93;Bus;Wendover, NV;nv.us093buswen,ut.us093buswen
usausb;US93;Bus;Twin Falls, ID;id.us093bustwi
usausb;US93;Alt;Kalispell, MT;mt.us093altkal
usausb;US93;Bus;Missoula, MT;mt.us093busmis
usausb;US95;Alt;Yerington, NV;nv.us095altyer
usausb;US95;Bus;Las Vegas, NV;nv.us095buslsv
usausb;US95;Spr;Fernley, NV;nv.us095sprfer
usausb;US95;Trk;Hawthorne, NV;nv.us095trkhaw
usausb;US95;Bus;Cottonwood, ID;id.us095buscot
usausb;US95;Bus;Craigmont, ID;id.us095buscra
usausb;US95;Bus;Winchester, ID;id.us095buswin
usausb;US95;Spr;Payette, ID;id.us095sprpay
usausb;US95;Spr;Weiser, ID;id.us095sprwei,or.us095sprwei
usausb;US96;Bus;Silsbee, TX;tx.us096bussil
usausb;US96;Bus;Buna, TX;tx.us096busbun
usausb;US97;Bus;Klamath Falls, OR;or.us097buskla
usausb;US97;Bus;Bend, OR;or.us097busben
usausb;US97;Bus;Redmond, OR;or.us097busred
usausb;US97;Alt;Entiat, WA;wa.us097altent
usausb;US97;Bus;Cashmere, WA;wa.us097buscas
usausb;US97;Bus;Okanogan, WA;wa.us097busoka
usausb;US97;Spr;Orondo, WA;wa.us097sproro
usausb;US98;Alt;Fairhope, AL;al.us098altfai
usausb;US98;Trk;Mobile, AL;al.us098trkmob
usausb;US98;Bus;Pensacola, FL;fl.us098buspen
usausb;US98;Bus;Panama City, FL;fl.us098buspan
usausb;US98;Trk;Brooksville, FL;fl.us098trkbro
usausb;US101;Bus;Ventura, CA;ca.us101busven
usausb;US101;Bus;Santa Maria, CA;ca.us101bussma
usausb;US101;Bus;Arroyo Grande, CA;ca.us101busarr
usausb;US101;Bus;Pismo Beach, CA;ca.us101buspis
usausb;US101;Bus;Paso Robles, CA;ca.us101buspas
usausb;US101;Bus;King City, CA;ca.us101buskin
usausb;US101;Bus;Greenfield, CA;ca.us101busgre
usausb;US101;Bus;Soledad, CA;ca.us101bussol
usausb;US101;Bus;Gonzales, CA;ca.us101busgon
usausb;US101;Bus;Salinas, CA;ca.us101bussal
usausb;US101;Bus;Gilroy, CA;ca.us101busgil
usausb;US101;Bus;Novato, CA;ca.us101busnov
usausb;US101;Bus;Petaluma, CA;ca.us101buspet
usausb;US101;Bus;Santa Rosa, CA;ca.us101bussro
usausb;US101;Bus;Cloverdale, CA;ca.us101busclo
usausb;US101;Bus;Ukiah, CA;ca.us101busuki
usausb;US101;Bus;Rio Dell, CA;ca.us101busrio
usausb;US101;Bus;Fortuna, CA;ca.us101busfor
usausb;US101;Bus;McKinleyville, CA;ca.us101busmck
usausb;US101;Bus;Astoria, OR;or.us101busast
usausb;US101;Alt;Ilwaco, WA;wa.us101altilw
usausb;US113;Bus;Snow Hill, MD;md.us113bussno
usausb;US117;Alt;Calypso, NC;nc.us117altcal
usausb;US117;Bus;Burgaw, NC;nc.us117busbur
usausb;US117;Bus;Goldsboro, NC;nc.us117busgol
usausb;US117;Con;Calypso, NC;nc.us117concal
usausb;US119;Spr;Williamson, WV;ky.us119sprwil
usausb;US127;Alt;Crossville, TN;tn.us127altcro
usausb;US127;Bus;Albany, KY;ky.us127busalb
usausb;US127;Bus;Jamestown, KY;ky.us127busjam
usausb;US127;Byp;Danville, KY;ky.us127bypdan
usausb;US127;Byp;Harrodsburg, KY;ky.us127byphar
usausb;US127;Byp;Lawrenceburg, KY;ky.us127byplaw
usausb;US127;Trk;Cincinnati, OH;oh.us127trkcin
usausb;US127;Bus;Jackson, MI;mi.us127busjac
usausb;US127;Bus;Saint Johns, MI;mi.us127busstj
usausb;US127;Bus;Ithaca, MI;mi.us127busith
usausb;US127;Bus;Alma, MI;mi.us127busalm
usausb;US127;Bus;Saint Louis, MI;mi.us127busstl
usausb;US127;Bus;Mount Pleasant, MI;mi.us127busmou
usausb;US127;Bus;Clare, MI;mi.us127buscla
usausb;US127;Bus;Harrison, MI;mi.us127bushar
usausb;US129;Alt;Macon, GA;ga.us129altmac
usausb;US129;Bus;Hawkinsville, GA;ga.us129bushaw
usausb;US129;Bus;Eatonton, GA;ga.us129buseat
usausb;US129;Bus;Watkinsville, GA;ga.us129buswat
usausb;US129;Bus;Jefferson, GA;ga.us129busjef
usausb;US129;Bus;Gainesville, GA;ga.us129busgai
usausb;US129;Byp;Madison, GA;ga.us129bypmad
usausb;US129;Trk;Blairsville, GA;ga.us129trkbla
usausb;US131;Bus;Constantine, MI;mi.us131buscon
usausb;US131;Bus;Three Rivers, MI;mi.us131busthr
usausb;US131;Bus;Kalamazoo, MI;mi.us131buskal
usausb;US131;Bus;Grand Rapids, MI;mi.us131busgra
usausb;US131;Bus;Big Rapids, MI;mi.us131busbig
usausb;US131;Bus;Cadillac, MI;mi.us131buscad
usausb;US131;Bus;Manton, MI;mi.us131busman
usausb;US136;Bus;Albany, MO;mo.us136busalb
usausb;US136;Bus;Memphis, MO;mo.us136busmem
usausb;US136;Bus;Kahoka, MO;mo.us136buskah
usausb;US141;Bus;Coleman, WI;wi.us141buscol
usausb;US150;Bus;Springfield, KY;ky.us150busspr
usausb;US150;Byp;Danville, KY;ky.us150bypdan
usausb;US150;Trk;Louisville, KY;ky.us150trklou
usausb;US150;Trk;Bardstown, KY;ky.us150trkbar
usausb;US151;Bus;Cedar Rapids, IA;ia.us151busced
usausb;US151;Bus;Monticello, IA;ia.us151busmon
usausb;US151;Bus;Cascade, IA;ia.us151buscas
usausb;US151;Bus;Platteville, WI;wi.us151buspla
usausb;US151;Bus;Mineral Point, WI;wi.us151busmin
usausb;US151;Bus;Verona, WI;wi.us151busver
usausb;US151;Bus;Sun Prairie, WI;wi.us151bussun
usausb;US151;Bus;Columbus, WI;wi.us151buscol
usausb;US151;Bus;Beaver Dam, WI;wi.us151busbea
usausb;US151;Bus;Waupun, WI;wi.us151buswau
usausb;US158;Bus;Oxford, NC;nc.us158busoxf
usausb;US158;Bus;Henderson, NC;nc.us158bushen
usausb;US158;Bus;Warrenton, NC;nc.us158buswar
usausb;US158;Bus;Murfreesboro, NC;nc.us158busmur
usausb;US158;Bus;Gatesville, NC;nc.us158busgat
usausb;US160;Bus;Mancos, CO;co.us160busman
usausb;US160;Bus;Bayfield, CO;co.us160busbay
usausb;US160;Bus;Willard, MO;mo.us160buswil
usausb;US165;Bus;Alexandria, LA;la.us165busale
usausb;US165;Bus;Monroe, LA;la.us165busmon
usausb;US165;Bus;Gillett, AR;ar.us165busgil
usausb;US166;Bus;Sedan, KS;ks.us166bussed
usausb;US167;Bus;Alexandria, LA;la.us167busale
usausb;US167;Bus;Sheridan, AR;ar.us167busshe
usausb;US167;Bus;El Dorado, AR;ar.us167buseld
usausb;US167;Bus;Thornton, AR;ar.us167bustho
usausb;US169;Alt;Nowata, OK;ok.us169altnow
usausb;US169;Bus;Garnett, KS;ks.us169busgar
usausb;US169;Spr;Smithville, MO;mo.us169sprsmi
usausb;US169;Bus;Fort Dodge, IA;ia.us169busfor
usausb;US171;Bus;Zwolle, LA;la.us171buszwo
usausb;US175;Bus;Athens, TX;tx.us175busath
usausb;US175;Bus;Mabank, TX;tx.us175busmab
usausb;US175;Bus;Kemp, TX;tx.us175buskem
usausb;US176;Trk;Holly Hill, SC;sc.us176trkhol
usausb;US178;Bus;Greenwood, SC;sc.us178busgre
usausb;US178;Bus;Orangeburg, SC;sc.us178busora
usausb;US178;Trk;Anderson, SC;sc.us178trkand
usausb;US181;Bus;Beeville, TX;tx.us181busbee
usausb;US181;Bus;Kenedy, TX;tx.us181busken
usausb;US181;Bus;Karnes City, TX;tx.us181buskar
usausb;US183;Bus;Gonzales, TX;tx.us183busgon
usausb;US183;Bus;Seymour, TX;tx.us183bussey
usausb;US183;Byp;Hays, KS;ks.us183byphay
usausb;US190;Bus;Copperas Cove, TX;tx.us190buscop
usausb;US190;Bus;Killeen, TX;tx.us190buskil
usausb;US190;Bus;Heidenheimer, TX;tx.us190bushei
usausb;US190;Bus;Baton Rouge, LA;la.us190busbat
usausb;US190;Bus;Covington, LA;la.us190buscov
usausb;US190;Bus;Slidell, LA;la.us190bussli
usausb;US191;Spr;Bowie, AZ;az.us191sprbow
usausb;US191;Bus;Helper, UT;ut.us191bushel
usausb;US191;Bus;Lewiston, MT;mt.us191buslew
usausb;US195;Spr;Lewiston, ID;id.us195sprlew,wa.us195spruni
usausb;US201;Alt;Skowhegan, ME;me.us201altsko
usausb;US202;Bus;Montgomeryville, PA;pa.us202busmon
usausb;US202;Alt;Garrison, NY;ny.us202altgar
usausb;US209;Trk;Brodheadsville, PA;pa.us209trkbro
usausb;US209;Bus;Stroudsburg, PA;pa.us209busstr
usausb;US209;Trk;Marshalls Creek, PA;pa.us209trkmar
usausb;US211;Bus;Luray, VA;va.us211buslur
usausb;US211;Bus;Washington, VA;va.us211buswas
usausb;US211;Bus;Warrenton, VA;va.us211buswar
usausb;US218;Bus;Mount Pleasant, IA;ia.us218busmtp
usausb;US218;Bus;Waverly, IA;ia.us218buswav
usausb;US218;Bus;Charles City, IA;ia.us218buscha
usausb;US219;Trk;Lewisburg, WV;wv.us219trklew
usausb;US219;Bus;Meyersdale, PA;pa.us219busmey
usausb;US219;Trk;Ridgway, PA;pa.us219trkrid
usausb;US219;Bus;Salamanca, NY;ny.us219bussal
usausb;US220;Alt;Candor, NC;nc.us220altcan
usausb;US220;Bus;Asheboro, NC;nc.us220busash
usausb;US220;Bus;Madison, NC;nc.us220busmad
usausb;US220;Alt;Roanoke, VA;va.us220altroa
usausb;US220;Bus;Ridgeway, VA;va.us220busrid
usausb;US220;Bus;Martinsville, VA;va.us220busmar
usausb;US220;Bus;Rocky Mount, VA;va.us220busroc
usausb;US220;Bus;Roanoke, VA;va.us220busroa
usausb;US220;Bus;Clifton Forge, VA;va.us220buscli
usausb;US220;Trk;Winchester, MD;md.us220trkwin
usausb;US220;Alt;Milesburg, PA;pa.us220altmil
usausb;US220;Bus;Bedford, PA;pa.us220busbed
usausb;US220;Bus;Altoona, PA;pa.us220busalt
usausb;US221;Trk;Perry, FL;fl.us221trkper
usausb;US221;Trk;Douglas, GA;ga.us221trkdou
usausb;US221;Trk;Hazlehurst, GA;ga.us221trkhaz
usausb;US221;Alt;Forest City, NC;sc.us221altfor,nc.us221altfor
usausb;US221;Trk;Laurens, SC;sc.us221trklau
usausb;US221;Bus;Marion, NC;nc.us221busmar
usausb;US221;Bus;Jefferson, NC;nc.us221busjef
usausb;US221;Trk;Rutherfordton, NC;nc.us221trkrut
usausb;US221;Trk;Boone, NC;nc.us221trkboo
usausb;US221;Bus;Bedford, VA;va.us221busbed
usausb;US222;Bus;Reading, PA;pa.us222busrea
usausb;US223;Bus;Adrian, MI;mi.us223busadr
usausb;US231;Bus;Dothan, AL;al.us231busdot
usausb;US231;Bus;Shelbyville, TN;tn.us231busshe
usausb;US231;Bus;Bowling Green, KY;ky.us231busbow
usausb;US250;Bus;New Philadelphia, OH;oh.us250busnew
usausb;US250;Trk;Phillipi, WV;wv.us250trkphi
usausb;US250;Bus;Charlottesville, VA;va.us250buschr
usausb;US250;Trk;Staunton, VA;va.us250trksta
usausb;US258;Bus;Kinston, NC;nc.us258buskin
usausb;US258;Bus;Farmville, NC;nc.us258busfar
usausb;US258;Trk;Snow Hill, NC;nc.us258trksno
usausb;US258;Bus;Franklin, VA;va.us258busfra
usausb;US258;Bus;Smithfield, VA;va.us258bussmi
usausb;US258;BusAlt;Smithfield, VA;va.us258busaltsmi
usausb;US259;Bus;Kilgore, TX;tx.us259buskil
usausb;US264;Alt;Wilson, NC;nc.us264altwil
usausb;US264;Bus;Belhaven, NC;nc.us264busbel
usausb;US270;Bus;Shawnee, OK;ok.us270bussha
usausb;US270;Bus;Wewoka, OK;ok.us270buswew
usausb;US270;Bus;Holdenville, OK;ok.us270bushol
usausb;US270;Bus;Hot Springs, AR;ar.us270bushot
usausb;US270;Bus;Malvern, AR;ar.us270busmal
usausb;US271;Bus;Mt. Pleasant, TX;tx.us271busmtp
usausb;US271;Bus;Bogata, TX;tx.us271busbog
usausb;US271;Bus;Deport, TX;tx.us271busdep
usausb;US271;Bus;Paris, TX;tx.us271buspar
usausb;US271;Bus;Hugo, OK;ok.us271bushug
usausb;US271;Byp;Poteau, OK;ok.us271byppot
usausb;US275;Bus;Fremont, NE;ne.us275busfre
usausb;US277;Bus;Eagle Pass, TX;tx.us277buseag
usausb;US277;Bus;Stamford, TX;tx.us277bussta
usausb;US277;Bus;Haskell, TX;tx.us277bushas
usausb;US277;Bus;Weinert, TX;tx.us277buswei
usausb;US277;Bus;Munday, TX;tx.us277busmun
usausb;US277;Bus;Holliday, TX;tx.us277bushol
usausb;US277;Bus;Wichita Falls, TX;tx.us277buswic
usausb;US277;Spr;Del Rio, TX;tx.us277sprdel
usausb;US277;Bus;Seymour, TX;tx.us277bussey
usausb;US278;Bus;Hope, AR;ar.us278bushop
usausb;US278;Bus;Camden, AR;ar.us278buscam
usausb;US278;Bus;Warren, AR;ar.us278buswar
usausb;US278;Bus;Rockmart, GA;ga.us278busroc
usausb;US278;Byp;Warrenton, GA;ga.us278bypwar
usausb;US278;Bus;Hilton Head, SC;sc.us278bushil
usausb;US281;Alt;Whitsett, TX;tx.us281altwhi
usausb;US281;Bus;Edinburg, TX;tx.us281busedi
usausb;US281;Bus;Encino, TX;tx.us281busenc
usausb;US281;Bus;Falfurrias, TX;tx.us281busfal
usausb;US281;Bus;Alice, TX;tx.us281busali
usausb;US281;Trk;Lampasas, TX;tx.us281trklam
usausb;US281;Spr;Hidalgo, TX;tx.us281sprhid
usausb;US281;Bus;Lawton, OK;ok.us281buslaw
usausb;US281;Spr;Geary, OK;ok.us281sprgea
usausb;US281;Byp;Jamestown, ND;nd.us281bypjam
usausb;US283;Bus;Seymour, TX;tx.us283bussey
usausb;US285;Trk;Roswell, NM;nm.us285trkros
usausb;US287;Bus;Grapeland, TX;tx.us287busgra
usausb;US287;Bus;Corsicana, TX;tx.us287buscor
usausb;US287;Bus;Ennis, TX;tx.us287busenn
usausb;US287;Bus;Waxahachie, TX;tx.us287buswax
usausb;US287;Bus;Midlothian, TX;tx.us287busmid
usausb;US287;Bus;Fort Worth, TX;tx.us287busftw
usausb;US287;Bus;Rhome, TX;tx.us287busrho
usausb;US287;Bus;Decatur, TX;tx.us287busdec
usausb;US287;Bus;Alvord, TX;tx.us287busalv
usausb;US287;Bus;Wichita Falls, TX;tx.us287buswic
usausb;US287;Bus;Electra, TX;tx.us287busele
usausb;US287;Bus;Vernon, TX;tx.us287busver
usausb;US287;Byp;Rawlins, WY;wy.us287bypraw
usausb;US290;Bus;Brenham, TX;tx.us290busbre
usausb;US290;Bus;Hempstead, TX;tx.us290bushem
usausb;US301;Bus;Sylania, GA;ga.us301bussyl
usausb;US301;Byp;Statesboro, GA;ga.us301bypsta
usausb;US301;Bus;Rocky Mount, NC;nc.us301busroc
usausb;US301;Bus;Halifax, NC;nc.us301bushal
usausb;US301;Alt;Petersburg, VA;va.us301altpet
usausb;US301;Bus;Bowling Green, VA;va.us301busbow
usausb;US302;Bus;Bartlett, NH;nh.us302busbar
usausb;US302;Trk;Littleton, NH;nh.us302trklit
usausb;US319;Bus;Moultrie, GA;ga.us319busmou
usausb;US321;Bus;Winnsboro, SC;sc.us321buswin
usausb;US321;Bus;Chester, SC;sc.us321busche
usausb;US321;Bus;York, SC;sc.us321busyor
usausb;US321;Alt;Lenoir, NC;nc.us321altlen
usausb;US321;Bus;Conover, NC;nc.us321buscon
usausb;US321;Bus;Blowing Rock, NC;nc.us321busblo
usausb;US321;Trk;Boone, NC;nc.us321trkboo
usausb;US321;Bus;Greenville, TN;tn.us321busgre
usausb;US322;Bus;State College, PA;pa.us322bussta
usausb;US322;Bus;West Chester, PA;pa.us322buswes
usausb;US322;Trk;Downingtown, PA;pa.us322trkdow
usausb;US340;Bus;Luray, VA;va.us340buslur
usausb;US340;Trk;Waynesboro, VA;va.us340trkway
usausb;US341;Bus;Eastman, GA;ga.us341buseas
usausb;US341;Bus;Hawkinsville, GA;ga.us341bushaw
usausb;US341;Byp;Perry, GA;ga.us341bypper
usausb;US360;Bus;Keysville, VA;va.us360buskey
usausb;US360;Bus;Burkeville, VA;va.us360busbur
usausb;US360;Bus;Amelia, VA;va.us360busame
usausb;US360;Bus;Mechanicsville, VA;va.us360busmec
usausb;US377;Bus;Dublin, TX;tx.us377busdub
usausb;US377;Bus;Stephenville, TX;tx.us377busste
usausb;US377;Bus;Granbury, TX;tx.us377busgra
usausb;US377;Bus;Pilot Point, TX;tx.us377buspil
usausb;US377;Bus;Tioga, TX;tx.us377bustio
usausb;US377;Bus;Collinsville, TX;tx.us377buscol
usausb;US377;Bus;Whitesboro, TX;tx.us377buswhi
usausb;US378;Bus;Lake City, SC;sc.us378buslak
usausb;US380;Bus;Decatur, TX;tx.us380busdec
usausb;US380;Bus;Floyd, TX;tx.us380busflo
usausb;US385;Trk;Hill City, SD;sd.us385trkhil
usausb;US395;Bus;Ridgecrest, CA;ca.us395busrid
usausb;US395;Alt;Washoe City, NV;nv.us395altwas
usausb;US395;Bus;Carson City, NV;nv.us395buscar
usausb;US395;Bus;Reno, NV;nv.us395busren
usausb;US395;Fut;Spokane, WA;wa.us395futspo
usausb;US401;Bus;Laurinburg, NC;nc.us401buslau
usausb;US401;Bus;Raeford, NC;nc.us401busrae
usausb;US401;Bus;Rolesville, NC;nc.us401busrol
usausb;US401;Bus;Fayetteville, NC;nc.us401busfay
usausb;US411;Bus;Centre, AL;al.us411buscen
usausb;US412;Alt;Locust Grove, OK;ok.us412altloc
usausb;US412;Trk;Guymon, OK;ok.us412trkguy
usausb;US412;Bus;Hindsville, AR;ar.us412bushin
usausb;US412;Bus;Huntsville, AR;ar.us412bushun
usausb;US412;Byp;Paragould, AR;ar.us412byppar
usausb;US412;Bus;Jackson, TN;tn.us412busjac
usausb;US412;Bus;Columbia, TN;tn.us412buscol
usausb;US421;Bus;Wilkesboro, NC;nc.us421buswil
usausb;US421;Bus;Sanford, NC;nc.us421bussan
usausb;US421;Trk;Wilmington, NC;nc.us421trkwlm
usausb;US421;Trk;Boone, NC;nc.us421trkboo
usausb;US421;Bus;Gate City, VA;va.us421busgat
usausb;US421;Bus;Richmond, KY;ky.us421busric
usausb;US422;Bus;New Castle, PA;pa.us422busnew
usausb;US422;Bus;Kittanning, PA;pa.us422buskit
usausb;US422;Bus;Indiana, PA;pa.us422busind
usausb;US422;Bus;Reading, PA;pa.us422busrea
usausb;US431;Bus;Dothan, AL;al.us431busdot
usausb;US431;Bus;Lewisburg, TN;tn.us431buslew
usausb;US431;Bus;Franklin, TN;tn.us431busfra
usausb;US441;Trk;Lake City, FL;fl.us441trklak
usausb;US441;Bus;Milledgeville, GA;ga.us441busmil
usausb;US441;Bus;Eatonton, GA;ga.us441buseat
usausb;US441;Bus;Watkinsville, GA;ga.us441buswat
usausb;US441;Bus;Commerce, GA;ga.us441buscom
usausb;US441;Bus;Clarkesville, GA;ga.us441buscla
usausb;US441;Byp;Dublin, GA;ga.us441bypdub
usausb;US441;Byp;Madison, GA;ga.us441bypmad
usausb;US441;Trk;Douglas, GA;ga.us441trkdou
usausb;US441;Bus;Franklin, NC;nc.us441busfra
usausb;US441;Bus;Cherokee, NC;nc.us441busche
usausb;US460;Byp;Georgetown, KY;ky.us460bypgeo
usausb;US460;Alt;Salem, VA;va.us460altsal
usausb;US460;Alt;Norfolk, VA;va.us460altnor
usausb;US460;Bus;Grundy, VA;va.us460busgru
usausb;US460;Bus;Richlands, VA;va.us460busric
usausb;US460;Bus;Tazewell, VA;va.us460bustaz
usausb;US460;Bus;Pearisburg, VA;va.us460buspea
usausb;US460;Bus;Christiansburg, VA;va.us460buschr
usausb;US460;Bus;Bedford, VA;va.us460busbed
usausb;US460;Bus;Lynchburg, VA;va.us460buslyn
usausb;US460;Bus;Appomattox, VA;va.us460busapp
usausb;US460;Bus;Pamplin City, VA;va.us460buspam
usausb;US460;Bus;Farmville, VA;va.us460busfar
usausb;US460;Bus;Burkeville, VA;va.us460busbur
usausb;US460;Bus;Blackstone, VA;va.us460busbla
usausb;US460;Bus;Petersburg, VA;va.us460buspet
usausb;US460;Bus;Suffolk, VA;va.us460bussuf
usausb;US491;Spr;Cortez, CO;co.us491sprcor
usausb;US501;Bus;Conway, SC;sc.us501buscon
usausb;US501;Bus;Marion, SC;sc.us501busmar
usausb;US501;Bus;Laurinburg, NC;nc.us501buslau
usausb;US501;Bus;Durham, NC;nc.us501busdur
usausb;US501;Bus;Lynchburg, VA;va.us501buslyn
usausb;US501;Bus;Buena Vista, VA;va.us501busbue
usausb;US501;Trk;South Boston, VA;va.us501trksou
usausb;US521;Bus;Andrews, SC;sc.us521busand
usausb;US521;Bus;Kershaw, SC;sc.us521busker
usausb;US521;Bus;Lancaster, SC;sc.us521buslan
usausb;US521;Trk;Camden, SC;sc.us521trkcam
usausb;US522;Bus;Washington, VA;va.us522buswas
usausb;US601;Bus;Kershaw, SC;sc.us601busker
usausb;US601;Trk;Orangeburg, SC;sc.us601trkora
usausb;US601;Trk;Camden, SC;sc.us601trkcam
usausb;US601;Bus;Dobson, NC;nc.us601busdob
usausb;US641;Bus;Murray, KY;ky.us641busmur
usausb;US641;Spr;Benton, KY;ky.us641sprben
usausb;US701;Bus;Tabor City, NC;sc.us701bustab,nc.us701bustab
usausb;US701;Bus;Whiteville, NC;nc.us701buswhi
usausb;US701;Bus;Clarkton, NC;nc.us701buscla
usausb;US701;Bus;Clinton, NC;nc.us701buscli
